"kind","entity_id","skill_identifier","before","after","templates","exception_reason"
"card","deep_lord","0:배리어","[배리어] · 보조 (Tier 1, MP:10) 물리공격 무효","배리어 · 보조 · MP 10 · 1티어
자신에게 배리어 1턴 부여 (물리 피해 무효).","buff",""
"card","deep_lord","1:월광해류","[월광해류] · 마법 (Tier 3, MP:30) 필드버프 1개 제거하고 위력 2배 (x2.5)","월광해류 · 마법 · MP 30 · 3티어
위력 2.5배. 필드 버프가 있으면 먼저 부여된 1개 해제하고 배율 ×2.","remove_field_buff_dmg",""
"card","deep_lord","2:심연의포옹","[심연의포옹] · 물리 (Tier 2, MP:20) 적이 디버프 3개 이상일 때 위력 2배 (x2)","심연의포옹 · 물리 · MP 20 · 2티어
위력 2배. 공격 전 적의 디버프가 3종 이상이면 배율 ×2.","cond_target_debuff_3_dmg",""
"card","queen","0:배리어","[배리어] · 보조 (Tier 1, MP:10) 물리공격 무효","배리어 · 보조 · MP 10 · 1티어
자신에게 배리어 1턴 부여 (물리 피해 무효).","buff",""
"card","queen","1:피날레","[피날레] · 마법 (Tier 3, MP:30) 필드버프를 제거하고 제거한 수 x3.0 만큼 위력 증가 (x2)","피날레 · 마법 · MP 30 · 3티어
위력 2배. 필드 버프를 모두 소모. 소모한 1개당 배율 +3.","consume_field_all",""
"card","queen","2:로열블룸","[로열블룸] · 보조 (Tier 2, MP:20) 필드버프 대지의축복 발동","로열블룸 · 보조 · MP 20 · 2티어
필드 버프 ‘대지의축복’ 부여.","field_buff",""
"card","luna","0:회피태세","[회피태세] · 보조 (Tier 1, MP:10) 회피율 50% 증가","회피태세 · 보조 · MP 10 · 1티어
자신에게 회피 1턴 부여 (회피율 +50%p).","buff",""
"card","luna","1:이클립스","[이클립스] · 물리 (Tier 3, MP:30) 암흑 상태의 적에게 대미지 2배 (x2.5)","이클립스 · 물리 · MP 30 · 3티어
위력 2.5배. 적이 암흑 상태이면 배율 ×2.","dmg_boost:target_debuff",""
"card","luna","2:다크메테오","[다크메테오] · 마법 (Tier 3, MP:30) 다음 턴 행동 불가 (x4.5)","다크메테오 · 마법 · MP 30 · 3티어
위력 4.5배. 자신에게 기절 부여 (다음 턴 행동 불가).","self_debuff",""
"card","gold_dragon","0:가드","[가드] · 보조 (Tier 1, MP:10) 대미지 반감","가드 · 보조 · MP 10 · 1티어
자신에게 가드 1턴 부여 (받는 피해 50% 감소).","buff",""
"card","gold_dragon","1:얼티밋브레스","[얼티밋브레스] · 마법 (Tier 3, MP:30) 작열스택 부여, 작열스택 하나당 1.0배율 추가 (x2)","얼티밋브레스 · 마법 · MP 30 · 3티어
위력 2배. 적에게 작열 1스택 부여. 공격 전 적의 작열 1스택당 배율 +1.","debuff + dmg_boost:target_stack",""
"card","gold_dragon","2:드래곤크로","[드래곤크로] · 물리 (Tier 2, MP:20) 2배 물리 피해 (자신의 생명력이 100%일시 위력 2배) (x2)","드래곤크로 · 물리 · MP 20 · 2티어
위력 2배. 자신의 HP가 100%이면 위력 4배.","dmg_boost:hp_full",""
"card","rumi","0:밀키웨이엑스터시","[밀키웨이엑스터시] · 마법 (Tier 3, MP:30) 필드버프 스타파우더 발동 (x3)","밀키웨이엑스터시 · 마법 · MP 30 · 3티어
위력 3배. 필드 버프 ‘스타파우더’ 부여.","field_buff",""
"card","rumi","1:문라이트세레나","[문라이트세레나] · 보조 (Tier 2, MP:20) 필드버프 달의축복 발동","문라이트세레나 · 보조 · MP 20 · 2티어
필드 버프 ‘달의축복’ 부여.","field_buff",""
"card","rumi","2:매직가드","[매직가드] · 보조 (Tier 1, MP:10) 마법공격 무효","매직가드 · 보조 · MP 10 · 1티어
자신에게 매직가드 1턴 부여 (마법 피해 무효).","buff",""
"card","jasmine","0:배리어","[배리어] · 보조 (Tier 1, MP:10) 물리공격 무효","배리어 · 보조 · MP 10 · 1티어
자신에게 배리어 1턴 부여 (물리 피해 무효).","buff",""
"card","jasmine","1:더홀리","[더홀리] · 마법 (Tier 2, MP:20) 디바인 스택이 있을 시, 필드버프 성역 발동 (x2)","더홀리 · 마법 · MP 20 · 2티어
위력 2배. 적에게 디바인이 있으면 필드 버프 ‘성역’ 부여.","conditional_field_buff:target_has_debuff",""
"card","jasmine","2:여신강림","[여신강림] · 보조 (Tier 3, MP:30) 필드버프 여신강림 발동","여신강림 · 보조 · MP 30 · 3티어
필드 버프 ‘여신강림’ 부여.","field_buff",""
"card","world_tree","0:가드","[가드] · 보조 (Tier 1, MP:10) 대미지 반감","가드 · 보조 · MP 10 · 1티어
자신에게 가드 1턴 부여 (받는 피해 50% 감소).","buff",""
"card","world_tree","1:대지의분노","[대지의분노] · 마법 (Tier 2, MP:20) 필드버프 대지의축복 발동 (x2)","대지의분노 · 마법 · MP 20 · 2티어
위력 2배. 필드 버프 ‘대지의축복’ 부여.","field_buff",""
"card","world_tree","2:가이아포스","[가이아포스] · 물리 (Tier 3, MP:30) 필드버프 달의축복 발동 (x2)","가이아포스 · 물리 · MP 30 · 3티어
위력 2배. 필드 버프 ‘달의축복’ 부여.","field_buff",""
"card","zeke","0:가드","[가드] · 보조 (Tier 1, MP:10) 대미지 반감","가드 · 보조 · MP 10 · 1티어
자신에게 가드 1턴 부여 (받는 피해 50% 감소).","buff",""
"card","zeke","1:이그니스스매시","[이그니스스매시] · 마법 (Tier 2, MP:20) 작열스택을 전부 소모하고 소모당 2.0배율 추가 (x2)","이그니스스매시 · 마법 · MP 20 · 2티어
위력 2배. 적의 작열을 모두 소모. 소모한 1스택당 배율 +2.","consume_debuff_all",""
"card","zeke","2:라그나로크","[라그나로크] · 물리 (Tier 3, MP:30) 생명력 50% 아래에서 대미지 2배 (x2.5)","라그나로크 · 물리 · MP 30 · 3티어
위력 2.5배. 자신의 HP가 50% 이하이면 배율 ×2.","dmg_boost:hp_below",""
"card","time_ruler","0:매직가드","[매직가드] · 보조 (Tier 1, MP:10) 마법공격 무효","매직가드 · 보조 · MP 10 · 1티어
자신에게 매직가드 1턴 부여 (마법 피해 무효).","buff",""
"card","time_ruler","1:종언의예고","[종언의예고] · 마법 (Tier 3, MP:30) 사용 후 3턴 뒤에 공격 (x5)","종언의예고 · 마법 · MP 30 · 3티어
3턴 후 위력 5배로 공격 예약. 발동 전에 시전자가 사망하면 예약 취소.","delayed_attack",""
"card","time_ruler","2:섀도우트위스트","[섀도우트위스트] · 보조 (Tier 3, MP:30) 저주, 침묵, 암흑 부여","섀도우트위스트 · 보조 · MP 30 · 3티어
적에게 저주 부여. 적에게 침묵 부여. 적에게 암흑 부여.","debuff + debuff + debuff",""
"card","frozen_witch","0:매직가드","[매직가드] · 보조 (Tier 1, MP:10) 마법공격 무효","매직가드 · 보조 · MP 10 · 1티어
자신에게 매직가드 1턴 부여 (마법 피해 무효).","buff",""
"card","frozen_witch","1:블리자드","[블리자드] · 마법 (Tier 3, MP:30) 부식, 침묵, 약화, 저주 부여, 다음 턴 행동 불가 (x3)","블리자드 · 마법 · MP 30 · 3티어
위력 3배. 적에게 부식 부여. 적에게 침묵 부여. 적에게 약화 부여. 적에게 저주 부여. 자신에게 기절 부여 (다음 턴 행동 불가).","debuff + debuff + debuff + debuff + self_debuff",""
"card","frozen_witch","2:프로스트","[프로스트] · 마법 (Tier 3, MP:30) 상대에게 적용된 디버프가 5개 이상일 시, 상대 스턴 (x2.5)","프로스트 · 마법 · MP 30 · 3티어
위력 2.5배. 적의 디버프가 5종 이상이면 적에게 기절 부여.","conditional_debuff:target_debuff_count",""
"card","behemoth","0:가드","[가드] · 보조 (Tier 1, MP:10) 대미지 반감","가드 · 보조 · MP 10 · 1티어
자신에게 가드 1턴 부여 (받는 피해 50% 감소).","buff",""
"card","behemoth","1:대지분쇄","[대지분쇄] · 물리 (Tier 3, MP:30) 다음 턴 휴식 (대지의축복 시 위력 2배) (x3.5)","대지분쇄 · 물리 · MP 30 · 3티어
위력 3.5배. 자신에게 기절 부여 (다음 턴 행동 불가). 필드 버프 ‘대지의축복’가 있으면 배율 ×2.","self_debuff + dmg_boost:field_buff",""
"card","behemoth","2:어스퀘이크","[어스퀘이크] · 마법 (Tier 3, MP:30) 다음 턴에 공격 (시전자 사망 시 취소) (x3.5)","어스퀘이크 · 마법 · MP 30 · 3티어
1턴 후 위력 3.5배로 공격 예약. 발동 전에 시전자가 사망하면 예약 취소.","delayed_attack",""
"card","storm_sage","0:배리어","[배리어] · 보조 (Tier 1, MP:10) 물리공격 무효","배리어 · 보조 · MP 10 · 1티어
자신에게 배리어 1턴 부여 (물리 피해 무효).","buff",""
"card","storm_sage","1:러스트브리즈","[러스트브리즈] · 마법 (Tier 2, MP:20) 적에게 [약화, 부식] 중 무작위 1종 부여 (x2)","러스트브리즈 · 마법 · MP 20 · 2티어
위력 2배. 적에게 ‘약화·부식’ 중 무작위 1종 부여.","random_debuff",""
"card","storm_sage","2:팬텀게일","[팬텀게일] · 마법 (Tier 3, MP:30) 필드버프 대지의축복이 있을시 적에게 저주와 침묵 부여 (x2.5)","팬텀게일 · 마법 · MP 30 · 3티어
위력 2.5배. 필드 버프 ‘대지의축복’가 있으면 적에게 저주·침묵 부여.","conditional_field_debuff",""
"card","shadow_stalker","0:회피태세","[회피태세] · 보조 (Tier 1, MP:10) 회피율 50% 증가","회피태세 · 보조 · MP 10 · 1티어
자신에게 회피 1턴 부여 (회피율 +50%p).","buff",""
"card","shadow_stalker","1:암살","[암살] · 물리 (Tier 2, MP:20) 암흑 부여 (x2)","암살 · 물리 · MP 20 · 2티어
위력 2배. 적에게 암흑 부여.","debuff",""
"card","shadow_stalker","2:어쌔신네일","[어쌔신네일] · 물리 (Tier 3, MP:30) 2.5배 물리 (x2.5)","어쌔신네일 · 물리 · MP 30 · 3티어
위력 2.5배.","simple_attack",""
"card","mawang","0:회피태세","[회피태세] · 보조 (Tier 1, MP:10) 회피율 50% 증가","회피태세 · 보조 · MP 10 · 1티어
자신에게 회피 1턴 부여 (회피율 +50%p).","buff",""
"card","mawang","1:데스핸드","[데스핸드] · 물리 (Tier 2, MP:20) 적에게 걸린 디버프 1종당 0.5배율 추가 (x2)","데스핸드 · 물리 · MP 20 · 2티어
위력 2배. 공격 전 적의 디버프 1종당 배율 +0.5.","dmg_boost:target_debuff_count_scale",""
"card","mawang","2:데몬브레스","[데몬브레스] · 마법 (Tier 2, MP:20) 암흑 부여 (x2)","데몬브레스 · 마법 · MP 20 · 2티어
위력 2배. 적에게 암흑 부여.","debuff",""
"card","red_dragon","0:가드","[가드] · 보조 (Tier 1, MP:10) 대미지 반감","가드 · 보조 · MP 10 · 1티어
자신에게 가드 1턴 부여 (받는 피해 50% 감소).","buff",""
"card","red_dragon","1:파이어브레스","[파이어브레스] · 마법 (Tier 3, MP:30) 작열스택 부여 (x2.5)","파이어브레스 · 마법 · MP 30 · 3티어
위력 2.5배. 적에게 작열 1스택 부여.","debuff",""
"card","red_dragon","2:드래곤크로","[드래곤크로] · 물리 (Tier 2, MP:20) 2배 물리 피해 (자신의 생명력이 100%일시 위력 2배) (x2)","드래곤크로 · 물리 · MP 20 · 2티어
위력 2배. 자신의 HP가 100%이면 위력 4배.","dmg_boost:hp_full",""
"card","lightning_sage","0:배리어","[배리어] · 보조 (Tier 1, MP:10) 물리공격 무효","배리어 · 보조 · MP 10 · 1티어
자신에게 배리어 1턴 부여 (물리 피해 무효).","buff",""
"card","lightning_sage","1:레인오브썬더","[레인오브썬더] · 마법 (Tier 3, MP:30) 디바인스택 전부 소모하고 1개당 2배율 추가 (x2.5)","레인오브썬더 · 마법 · MP 30 · 3티어
위력 2.5배. 적의 디바인을 모두 소모. 소모한 1스택당 배율 +2.","consume_debuff_all",""
"card","lightning_sage","2:썬더스톰","[썬더스톰] · 마법 (Tier 2, MP:20) 적 디버프 1종당 0.5배율 추가 (x2)","썬더스톰 · 마법 · MP 20 · 2티어
위력 2배. 공격 전 적의 디버프 1종당 배율 +0.5.","dmg_boost:target_debuff_count_scale",""
"card","flame_sage","0:매직가드","[매직가드] · 보조 (Tier 1, MP:10) 마법공격 무효","매직가드 · 보조 · MP 10 · 1티어
자신에게 매직가드 1턴 부여 (마법 피해 무효).","buff",""
"card","flame_sage","1:프로미넌스","[프로미넌스] · 마법 (Tier 2, MP:20) 작열스택 추가 (x2)","프로미넌스 · 마법 · MP 20 · 2티어
위력 2배. 적에게 작열 1스택 부여.","debuff",""
"card","flame_sage","2:태양의축복","[태양의축복] · 보조 (Tier 3, MP:30) 필드버프 태양의축복 부여","태양의축복 · 보조 · MP 30 · 3티어
필드 버프 ‘태양의축복’ 부여.","field_buff",""
"card","avalanche_maid","0:배리어","[배리어] · 보조 (Tier 1, MP:10) 물리공격 무효","배리어 · 보조 · MP 10 · 1티어
자신에게 배리어 1턴 부여 (물리 피해 무효).","buff",""
"card","avalanche_maid","1:빙하의일격","[빙하의일격] · 물리 (Tier 2, MP:20) 부식 부여 (x2)","빙하의일격 · 물리 · MP 20 · 2티어
위력 2배. 적에게 부식 부여.","debuff",""
"card","avalanche_maid","2:아이스에이지","[아이스에이지] · 마법 (Tier 3, MP:30) 1~5배율 사이로 랜덤공격 (특성 발동시 1~10배율) (x3)","아이스에이지 · 마법 · MP 30 · 3티어
위력 1~5배. 자신의 특성이 발동 중이면 위력 1~10배.","random_mult",""
"card","archangel","0:매직가드","[매직가드] · 보조 (Tier 1, MP:10) 마법공격 무효","매직가드 · 보조 · MP 10 · 1티어
자신에게 매직가드 1턴 부여 (마법 피해 무효).","buff",""
"card","archangel","1:성역전개","[성역전개] · 보조 (Tier 2, MP:20) 필드버프 성역 발동 및 적에게 디바인 1스택 부여","성역전개 · 보조 · MP 20 · 2티어
필드 버프 ‘성역’ 부여. 적에게 디바인 1스택 부여.","field_buff + debuff",""
"card","archangel","2:홀리레이","[홀리레이] · 마법 (Tier 2, MP:20) 디바인 부여 (x2)","홀리레이 · 마법 · MP 20 · 2티어
위력 2배. 적에게 디바인 1스택 부여.","debuff",""
"card","pudding_princess","0:배리어","[배리어] · 보조 (Tier 1, MP:10) 물리공격 무효","배리어 · 보조 · MP 10 · 1티어
자신에게 배리어 1턴 부여 (물리 피해 무효).","buff",""
"card","pudding_princess","1:푸딩러쉬","[푸딩러쉬] · 물리 (Tier 2, MP:20) 적에게 [약화, 침묵] 중 무작위 1종 부여 (x2)","푸딩러쉬 · 물리 · MP 20 · 2티어
위력 2배. 적에게 ‘약화·침묵’ 중 무작위 1종 부여.","random_debuff",""
"card","pudding_princess","2:푸딩파라다이스","[푸딩파라다이스] · 마법 (Tier 3, MP:30) 필드버프 스타파우더 부여 (x2)","푸딩파라다이스 · 마법 · MP 30 · 3티어
위력 2배. 필드 버프 ‘스타파우더’ 부여.","field_buff",""
"card","ghost_king","0:회피태세","[회피태세] · 보조 (Tier 1, MP:10) 회피율 50% 증가","회피태세 · 보조 · MP 10 · 1티어
자신에게 회피 1턴 부여 (회피율 +50%p).","buff",""
"card","ghost_king","1:고스트소울","[고스트소울] · 마법 (Tier 2, MP:20) 디바인, 암흑 부여 (x2)","고스트소울 · 마법 · MP 20 · 2티어
위력 2배. 적에게 디바인 1스택 부여. 적에게 암흑 부여.","debuff + debuff",""
"card","ghost_king","2:네더커스","[네더커스] · 보조 (Tier 2, MP:20) 적에게 [저주, 침묵, 약화, 부식] 중 무작위 2종 부여","네더커스 · 보조 · MP 20 · 2티어
적에게 ‘저주·침묵·약화·부식’ 중 무작위 2종 부여.","random_debuff",""
"card","fairy_queen","0:배리어","[배리어] · 보조 (Tier 1, MP:10) 물리공격 무효","배리어 · 보조 · MP 10 · 1티어
자신에게 배리어 1턴 부여 (물리 피해 무효).","buff",""
"card","fairy_queen","1:스피릿왈츠","[스피릿왈츠] · 마법 (Tier 2, MP:20) 적이 디바인 3스택이면 대미지 2배 + 스턴, 아니면 디바인 부여 (x1.5)","스피릿왈츠 · 마법 · MP 20 · 2티어
위력 1.5배. 적의 디바인이 3스택 이상이면 배율 ×2. 적의 디바인이 3스택 이상이면 적에게 기절 부여. 미만이면 적에게 디바인 1스택 부여.","dmg_boost:target_stack_at_least + check_divine_3_stun_else_add",""
"card","fairy_queen","2:이터널위스퍼","[이터널위스퍼] · 마법 (Tier 3, MP:30) 적에게 [저주, 암흑, 침묵, 약화, 부식] 중 무작위 1종 부여 (디바인 소모 시 무작위 2종) (x2.5)","이터널위스퍼 · 마법 · MP 30 · 3티어
위력 2.5배. 적에게 디바인이 있으면 1스택 소모하고 적에게 ‘저주·암흑·침묵·약화·부식’ 중 무작위 2종 부여. 없으면 ‘저주·암흑·침묵·약화·부식’ 중 무작위 1종 부여.","random_debuff_consume_divine","Explicit template for hardcoded engine operation"
"card","baby_dragon","0:가드","[가드] · 보조 (Tier 1, MP:10) 대미지 반감","가드 · 보조 · MP 10 · 1티어
자신에게 가드 1턴 부여 (받는 피해 50% 감소).","buff",""
"card","baby_dragon","1:베이비브레스","[베이비브레스] · 마법 (Tier 1, MP:10) 작열부여 (x1.5)","베이비브레스 · 마법 · MP 10 · 1티어
위력 1.5배. 적에게 작열 1스택 부여.","debuff",""
"card","baby_dragon","2:드래곤크로","[드래곤크로] · 물리 (Tier 2, MP:20) 2배 물리 피해 (자신의 생명력이 100%일시 위력 2배) (x2)","드래곤크로 · 물리 · MP 20 · 2티어
위력 2배. 자신의 HP가 100%이면 위력 4배.","dmg_boost:hp_full",""
"card","chaos_mage","0:매직가드","[매직가드] · 보조 (Tier 1, MP:10) 마법공격 무효","매직가드 · 보조 · MP 10 · 1티어
자신에게 매직가드 1턴 부여 (마법 피해 무효).","buff",""
"card","chaos_mage","1:카오스카니발","[카오스카니발] · 마법 (Tier 3, MP:30) 이 카드는 사망한다 (x6)","카오스카니발 · 마법 · MP 30 · 3티어
위력 6배. 사용 후 자신이 사망.","suicide",""
"card","chaos_mage","2:다크니스","[다크니스] · 마법 (Tier 2, MP:20) 2배 마법 (x2)","다크니스 · 마법 · MP 20 · 2티어
위력 2배.","simple_attack",""
"card","fenrir","0:회피태세","[회피태세] · 보조 (Tier 1, MP:10) 회피율 50% 증가","회피태세 · 보조 · MP 10 · 1티어
자신에게 회피 1턴 부여 (회피율 +50%p).","buff",""
"card","fenrir","1:프로스트팽","[프로스트팽] · 물리 (Tier 2, MP:20) 부식부여 (x2)","프로스트팽 · 물리 · MP 20 · 2티어
위력 2배. 적에게 부식 부여.","debuff",""
"card","fenrir","2:윈터하울링","[윈터하울링] · 마법 (Tier 3, MP:30) 달의축복 상태에서 대미지 2.5배 (x2)","윈터하울링 · 마법 · MP 30 · 3티어
위력 2배. 필드 버프 ‘달의축복’가 있으면 배율 ×2.5.","dmg_boost:field_buff",""
"card","night_rabbit","0:배리어","[배리어] · 보조 (Tier 1, MP:10) 물리공격 무효","배리어 · 보조 · MP 10 · 1티어
자신에게 배리어 1턴 부여 (물리 피해 무효).","buff",""
"card","night_rabbit","1:깡총깡총","[깡총깡총] · 물리 (Tier 2, MP:20) 어둠 상태시 대미지 2배 (x2)","깡총깡총 · 물리 · MP 20 · 2티어
위력 2배. 적이 암흑 상태이면 배율 ×2.","dmg_boost:target_debuff",""
"card","night_rabbit","2:문라이트","[문라이트] · 마법 (Tier 2, MP:20) 달의축복 상태에서 대미지 2.5배 (x1.5)","문라이트 · 마법 · MP 20 · 2티어
위력 1.5배. 필드 버프 ‘달의축복’가 있으면 배율 ×2.5.","dmg_boost:field_buff",""
"card","light_elemental","0:매직가드","[매직가드] · 보조 (Tier 1, MP:10) 마법공격 무효","매직가드 · 보조 · MP 10 · 1티어
자신에게 매직가드 1턴 부여 (마법 피해 무효).","buff",""
"card","light_elemental","1:문라이트세레나","[문라이트세레나] · 보조 (Tier 2, MP:20) 필드버프 달의축복 부여","문라이트세레나 · 보조 · MP 20 · 2티어
필드 버프 ‘달의축복’ 부여.","field_buff",""
"card","light_elemental","2:선라이트플레임","[선라이트플레임] · 마법 (Tier 2, MP:20) 작열스택 부여 (x2)","선라이트플레임 · 마법 · MP 20 · 2티어
위력 2배. 적에게 작열 1스택 부여.","debuff",""
"card","cream_maid","0:배리어","[배리어] · 보조 (Tier 1, MP:10) 물리공격 무효","배리어 · 보조 · MP 10 · 1티어
자신에게 배리어 1턴 부여 (물리 피해 무효).","buff",""
"card","cream_maid","1:크림샷","[크림샷] · 마법 (Tier 2, MP:20) 디바인 부여 (x2)","크림샷 · 마법 · MP 20 · 2티어
위력 2배. 적에게 디바인 1스택 부여.","debuff",""
"card","cream_maid","2:크림익스플로전","[크림익스플로전] · 마법 (Tier 2, MP:20) 필드버프 스타파우더 부여 (x1)","크림익스플로전 · 마법 · MP 20 · 2티어
위력 1배. 필드 버프 ‘스타파우더’ 부여.","field_buff",""
"card","golem","0:가드","[가드] · 보조 (Tier 1, MP:10) 대미지 반감","가드 · 보조 · MP 10 · 1티어
자신에게 가드 1턴 부여 (받는 피해 50% 감소).","buff",""
"card","golem","1:차지어택","[차지어택] · 물리 (Tier 2, MP:20) 다음턴 휴식 (대지의축복 시 2배) (x3)","차지어택 · 물리 · MP 20 · 2티어
위력 3배. 자신에게 기절 부여 (다음 턴 행동 불가). 필드 버프 ‘대지의축복’가 있으면 배율 ×2.","self_debuff + dmg_boost:field_buff",""
"card","golem","2:콜로세움","[콜로세움] · 보조 (Tier 3, MP:30) 필드버프 아레나 부여, 적에게 약화 부여","콜로세움 · 보조 · MP 30 · 3티어
필드 버프 ‘아레나’ 부여. 적에게 약화 부여.","field_buff + debuff",""
"card","void_knight","0:회피태세","[회피태세] · 보조 (Tier 1, MP:10) 회피율 50% 증가","회피태세 · 보조 · MP 10 · 1티어
자신에게 회피 1턴 부여 (회피율 +50%p).","buff",""
"card","void_knight","1:강타","[강타] · 물리 (Tier 2, MP:20) 2배 물리 (x2)","강타 · 물리 · MP 20 · 2티어
위력 2배.","simple_attack",""
"card","void_knight","2:급소베기","[급소베기] · 물리 (Tier 2, MP:20) 저주 부여 (x1.5)","급소베기 · 물리 · MP 20 · 2티어
위력 1.5배. 적에게 저주 부여.","debuff",""
"card","sphinx","0:매직가드","[매직가드] · 보조 (Tier 1, MP:10) 마법공격 무효","매직가드 · 보조 · MP 10 · 1티어
자신에게 매직가드 1턴 부여 (마법 피해 무효).","buff",""
"card","sphinx","1:샌드스톰","[샌드스톰] · 마법 (Tier 2, MP:20) 적에게 [부식, 저주] 중 무작위 1종 부여 (x1.5)","샌드스톰 · 마법 · MP 20 · 2티어
위력 1.5배. 적에게 ‘부식·저주’ 중 무작위 1종 부여.","random_debuff",""
"card","sphinx","2:수수께끼","[수수께끼] · 보조 (Tier 1, MP:10) 침묵 부여","수수께끼 · 보조 · MP 10 · 1티어
적에게 침묵 부여.","debuff",""
"card","silent_librarian","0:배리어","[배리어] · 보조 (Tier 1, MP:10) 물리공격 무효","배리어 · 보조 · MP 10 · 1티어
자신에게 배리어 1턴 부여 (물리 피해 무효).","buff",""
"card","silent_librarian","1:사일런트","[사일런트] · 마법 (Tier 2, MP:20) 침묵 부여 (x2)","사일런트 · 마법 · MP 20 · 2티어
위력 2배. 적에게 침묵 부여.","debuff",""
"card","silent_librarian","2:위크니스","[위크니스] · 보조 (Tier 1, MP:10) 약화 부여","위크니스 · 보조 · MP 10 · 1티어
적에게 약화 부여.","debuff",""
"card","mirage","0:회피태세","[회피태세] · 보조 (Tier 1, MP:10) 회피율 50% 증가","회피태세 · 보조 · MP 10 · 1티어
자신에게 회피 1턴 부여 (회피율 +50%p).","buff",""
"card","mirage","1:미라지프레임","[미라지프레임] · 마법 (Tier 3, MP:30) 작열, 약화 부여 (x1.5)","미라지프레임 · 마법 · MP 30 · 3티어
위력 1.5배. 적에게 작열 1스택 부여. 적에게 약화 부여.","debuff + debuff",""
"card","mirage","2:팬텀러쉬","[팬텀러쉬] · 물리 (Tier 3, MP:30) 작열, 저주 부여 (x1.5)","팬텀러쉬 · 물리 · MP 30 · 3티어
위력 1.5배. 적에게 작열 1스택 부여. 적에게 저주 부여.","debuff + debuff",""
"card","marshmallow","0:회피태세","[회피태세] · 보조 (Tier 1, MP:10) 회피율 50% 증가","회피태세 · 보조 · MP 10 · 1티어
자신에게 회피 1턴 부여 (회피율 +50%p).","buff",""
"card","marshmallow","1:기습","[기습] · 물리 (Tier 1, MP:10) 1.5배 물리 (x1.5)","기습 · 물리 · MP 10 · 1티어
위력 1.5배.","simple_attack",""
"card","marshmallow","2:멜팅허그","[멜팅허그] · 마법 (Tier 2, MP:20) 적에게 작열 부여 (x2)","멜팅허그 · 마법 · MP 20 · 2티어
위력 2배. 적에게 작열 1스택 부여.","debuff",""
"card","kobold","0:회피태세","[회피태세] · 보조 (Tier 1, MP:10) 회피율 50% 증가","회피태세 · 보조 · MP 10 · 1티어
자신에게 회피 1턴 부여 (회피율 +50%p).","buff",""
"card","kobold","1:기습","[기습] · 물리 (Tier 1, MP:10) 1.5배 물리 (x1.5)","기습 · 물리 · MP 10 · 1티어
위력 1.5배.","simple_attack",""
"card","kobold","2:강타","[강타] · 물리 (Tier 2, MP:20) 2배 물리 (x2)","강타 · 물리 · MP 20 · 2티어
위력 2배.","simple_attack",""
"card","werebear","0:회피태세","[회피태세] · 보조 (Tier 1, MP:10) 회피율 50% 증가","회피태세 · 보조 · MP 10 · 1티어
자신에게 회피 1턴 부여 (회피율 +50%p).","buff",""
"card","werebear","1:베어러쉬","[베어러쉬] · 물리 (Tier 1, MP:10) 상대가 약화시 3배 (x1)","베어러쉬 · 물리 · MP 10 · 1티어
위력 1배. 적이 약화 상태이면 배율 ×3.","dmg_boost:target_debuff",""
"card","werebear","2:강타","[강타] · 물리 (Tier 2, MP:20) 2배 물리 (x2)","강타 · 물리 · MP 20 · 2티어
위력 2배.","simple_attack",""
"card","vampire","0:회피태세","[회피태세] · 보조 (Tier 1, MP:10) 회피율 50% 증가","회피태세 · 보조 · MP 10 · 1티어
자신에게 회피 1턴 부여 (회피율 +50%p).","buff",""
"card","vampire","1:블러드드레인","[블러드드레인] · 마법 (Tier 1, MP:10) 상대가 저주시 3배 (x1)","블러드드레인 · 마법 · MP 10 · 1티어
위력 1배. 적이 저주 상태이면 배율 ×3.","dmg_boost:target_debuff",""
"card","vampire","2:다크니스","[다크니스] · 마법 (Tier 2, MP:20) 2배 마법 (x2)","다크니스 · 마법 · MP 20 · 2티어
위력 2배.","simple_attack",""
"card","snow_rabbit","0:배리어","[배리어] · 보조 (Tier 1, MP:10) 물리공격 무효","배리어 · 보조 · MP 10 · 1티어
자신에게 배리어 1턴 부여 (물리 피해 무효).","buff",""
"card","snow_rabbit","1:스노우샷","[스노우샷] · 마법 (Tier 2, MP:20) 부식 부여 (x1.5)","스노우샷 · 마법 · MP 20 · 2티어
위력 1.5배. 적에게 부식 부여.","debuff",""
"card","snow_rabbit","2:실버스톰","[실버스톰] · 마법 (Tier 2, MP:20) 특성 발동 중 대미지 2배 (x2)","실버스톰 · 마법 · MP 20 · 2티어
위력 2배. 자신의 특성이 발동 중이면 배율 ×2.","dmg_boost:source_trait_active",""
"card","silver_rabbit","0:헤븐리루어","[헤븐리루어] · 마법 (Tier 2, MP:20) 특성 발동 중 대미지 2배 (x2)","헤븐리루어 · 마법 · MP 20 · 2티어
위력 2배. 자신의 특성이 발동 중이면 배율 ×2.","dmg_boost:source_trait_active",""
"card","silver_rabbit","1:깡총깡총","[깡총깡총] · 물리 (Tier 2, MP:20) 어둠 상태시 대미지 2배 (x2)","깡총깡총 · 물리 · MP 20 · 2티어
위력 2배. 적이 암흑 상태이면 배율 ×2.","dmg_boost:target_debuff",""
"card","silver_rabbit","2:배리어","[배리어] · 보조 (Tier 1, MP:10) 물리공격 무효","배리어 · 보조 · MP 10 · 1티어
자신에게 배리어 1턴 부여 (물리 피해 무효).","buff",""
"card","fairy","0:배리어","[배리어] · 보조 (Tier 1, MP:10) 물리공격 무효","배리어 · 보조 · MP 10 · 1티어
자신에게 배리어 1턴 부여 (물리 피해 무효).","buff",""
"card","fairy","1:에너지볼","[에너지볼] · 마법 (Tier 1, MP:10) 디바인 부여 (x1.5)","에너지볼 · 마법 · MP 10 · 1티어
위력 1.5배. 적에게 디바인 1스택 부여.","debuff",""
"card","fairy","2:스타파우더","[스타파우더] · 보조 (Tier 2, MP:20) 필드버프 스타파우더 발동","스타파우더 · 보조 · MP 20 · 2티어
필드 버프 ‘스타파우더’ 부여.","field_buff",""
"card","candy_boy","0:가드","[가드] · 보조 (Tier 1, MP:10) 대미지 반감","가드 · 보조 · MP 10 · 1티어
자신에게 가드 1턴 부여 (받는 피해 50% 감소).","buff",""
"card","candy_boy","1:캔디버스트","[캔디버스트] · 마법 (Tier 1, MP:10) 작열 부여 (x1.5)","캔디버스트 · 마법 · MP 10 · 1티어
위력 1.5배. 적에게 작열 1스택 부여.","debuff",""
"card","candy_boy","2:캔디파라다이스","[캔디파라다이스] · 보조 (Tier 2, MP:20) 필드버프 트윙클파티 발동","캔디파라다이스 · 보조 · MP 20 · 2티어
필드 버프 ‘트윙클파티’ 부여.","field_buff",""
"card","slime","0:회피태세","[회피태세] · 보조 (Tier 1, MP:10) 회피율 50% 증가","회피태세 · 보조 · MP 10 · 1티어
자신에게 회피 1턴 부여 (회피율 +50%p).","buff",""
"card","slime","1:산성액","[산성액] · 마법 (Tier 1, MP:10) 부식부여 (x1)","산성액 · 마법 · MP 10 · 1티어
위력 1배. 적에게 부식 부여.","debuff",""
"card","slime","2:강타","[강타] · 물리 (Tier 2, MP:20) 2배 물리 (x2)","강타 · 물리 · MP 20 · 2티어
위력 2배.","simple_attack",""
"card","mummy","0:회피태세","[회피태세] · 보조 (Tier 1, MP:10) 회피율 50% 증가","회피태세 · 보조 · MP 10 · 1티어
자신에게 회피 1턴 부여 (회피율 +50%p).","buff",""
"card","mummy","1:기습","[기습] · 물리 (Tier 1, MP:10) 1.5배 물리 (x1.5)","기습 · 물리 · MP 10 · 1티어
위력 1.5배.","simple_attack",""
"card","mummy","2:바인드","[바인드] · 보조 (Tier 1, MP:10) 저주 부여","바인드 · 보조 · MP 10 · 1티어
적에게 저주 부여.","debuff",""
"card","mimic","0:가드","[가드] · 보조 (Tier 1, MP:10) 대미지 반감","가드 · 보조 · MP 10 · 1티어
자신에게 가드 1턴 부여 (받는 피해 50% 감소).","buff",""
"card","mimic","1:기습","[기습] · 물리 (Tier 1, MP:10) 1.5배 물리 (x1.5)","기습 · 물리 · MP 10 · 1티어
위력 1.5배.","simple_attack",""
"card","mimic","2:다크니스","[다크니스] · 마법 (Tier 2, MP:20) 2배 마법 (x2)","다크니스 · 마법 · MP 20 · 2티어
위력 2배.","simple_attack",""
"card","jack_o_lantern","0:회피태세","[회피태세] · 보조 (Tier 1, MP:10) 회피율 50% 증가","회피태세 · 보조 · MP 10 · 1티어
자신에게 회피 1턴 부여 (회피율 +50%p).","buff",""
"card","jack_o_lantern","1:저주의불꽃","[저주의불꽃] · 마법 (Tier 2, MP:20) 저주 부여 (x1.5)","저주의불꽃 · 마법 · MP 20 · 2티어
위력 1.5배. 적에게 저주 부여.","debuff",""
"card","jack_o_lantern","2:침묵의불꽃","[침묵의불꽃] · 보조 (Tier 1, MP:10) 침묵, 작열 부여","침묵의불꽃 · 보조 · MP 10 · 1티어
적에게 침묵 부여. 적에게 작열 1스택 부여.","debuff + debuff",""
"card","rumi_bunny","0:매직가드","[매직가드] · 보조 (Tier 1, MP:10) 마법공격 무효","매직가드 · 보조 · MP 10 · 1티어
자신에게 매직가드 1턴 부여 (마법 피해 무효).","buff",""
"card","rumi_bunny","1:미드나잇쇼","[미드나잇쇼] · 물리 (Tier 3, MP:30) 암흑, 유혹 부여 (x2.5)","미드나잇쇼 · 물리 · MP 30 · 3티어
위력 2.5배. 적에게 암흑 부여. 적에게 유혹 부여.","debuff + debuff",""
"card","rumi_bunny","2:커튼콜","[커튼콜] · 물리 (Tier 2, MP:20) 저주 상태의 적에게 대미지 3배 (x2)","커튼콜 · 물리 · MP 20 · 2티어
위력 2배. 적이 저주 상태이면 배율 ×3.","dmg_boost:target_debuff",""
"card","rumi_maid","0:매직가드","[매직가드] · 보조 (Tier 1, MP:10) 마법공격 무효","매직가드 · 보조 · MP 10 · 1티어
자신에게 매직가드 1턴 부여 (마법 피해 무효).","buff",""
"card","rumi_maid","1:특제생크림","[특제생크림] · 보조 (Tier 3, MP:30) 필드버프 대지의축복, 스타파우더 부여","특제생크림 · 보조 · MP 30 · 3티어
필드 버프 ‘대지의축복’ 부여. 필드 버프 ‘스타파우더’ 부여.","field_buff + field_buff",""
"card","rumi_maid","2:달콤한유혹","[달콤한유혹] · 마법 (Tier 3, MP:30) 약화, 유혹 부여 (x2.5)","달콤한유혹 · 마법 · MP 30 · 3티어
위력 2.5배. 적에게 약화 부여. 적에게 유혹 부여.","debuff + debuff",""
"card","rumi_miko","0:매직가드","[매직가드] · 보조 (Tier 1, MP:10) 마법공격 무효","매직가드 · 보조 · MP 10 · 1티어
자신에게 매직가드 1턴 부여 (마법 피해 무효).","buff",""
"card","rumi_miko","1:파마부","[파마부] · 마법 (Tier 3, MP:30) 작열, 침묵 부여 (x2.5)","파마부 · 마법 · MP 30 · 3티어
위력 2.5배. 적에게 작열 1스택 부여. 적에게 침묵 부여.","debuff + debuff",""
"card","rumi_miko","2:화염부","[화염부] · 보조 (Tier 3, MP:30) 필드버프 태양의축복 발동","화염부 · 보조 · MP 30 · 3티어
필드 버프 ‘태양의축복’ 부여.","field_buff",""
"card","rumi_fairy","0:매직가드","[매직가드] · 보조 (Tier 1, MP:10) 마법공격 무효","매직가드 · 보조 · MP 10 · 1티어
자신에게 매직가드 1턴 부여 (마법 피해 무효).","buff",""
"card","rumi_fairy","1:요정의장난","[요정의장난] · 마법 (Tier 3, MP:30) 디바인, 약화 부여 (x2.5)","요정의장난 · 마법 · MP 30 · 3티어
위력 2.5배. 적에게 디바인 1스택 부여. 적에게 약화 부여.","debuff + debuff",""
"card","rumi_fairy","2:요정의축복","[요정의축복] · 보조 (Tier 3, MP:30) 필드버프 성역, 스타파우더 부여","요정의축복 · 보조 · MP 30 · 3티어
필드 버프 ‘성역’ 부여. 필드 버프 ‘스타파우더’ 부여.","field_buff + field_buff",""
"card","rumi_wedding","0:매직가드","[매직가드] · 보조 (Tier 1, MP:10) 마법공격 무효","매직가드 · 보조 · MP 10 · 1티어
자신에게 매직가드 1턴 부여 (마법 피해 무효).","buff",""
"card","rumi_wedding","1:하트샤워","[하트샤워] · 마법 (Tier 3, MP:30) 디바인, 유혹 부여 (x3)","하트샤워 · 마법 · MP 30 · 3티어
위력 3배. 적에게 디바인 1스택 부여. 적에게 유혹 부여.","debuff + debuff",""
"card","rumi_wedding","2:순백의축복","[순백의축복] · 보조 (Tier 3, MP:30) 필드버프 운명의서약 부여","순백의축복 · 보조 · MP 30 · 3티어
필드 버프 ‘운명의서약’ 부여.","field_buff",""
"card","phoenix","0:매직가드","[매직가드] · 보조 (Tier 1, MP:10) 마법공격 무효","매직가드 · 보조 · MP 10 · 1티어
자신에게 매직가드 1턴 부여 (마법 피해 무효).","buff",""
"card","phoenix","1:메테오임팩트","[메테오임팩트] · 물리 (Tier 3, MP:30) 필드버프 트윙클파티 발동 (x2.5)","메테오임팩트 · 물리 · MP 30 · 3티어
위력 2.5배. 필드 버프 ‘트윙클파티’ 부여.","field_buff",""
"card","phoenix","2:샤이닝플레임","[샤이닝플레임] · 마법 (Tier 3, MP:30) 필드버프 태양의축복 발동 (x1)","샤이닝플레임 · 마법 · MP 30 · 3티어
위력 1배. 필드 버프 ‘태양의축복’ 부여.","field_buff",""
"card","gray","0:회피태세","[회피태세] · 보조 (Tier 1, MP:10) 회피율 50% 증가","회피태세 · 보조 · MP 10 · 1티어
자신에게 회피 1턴 부여 (회피율 +50%p).","buff",""
"card","gray","1:영혼절단","[영혼절단] · 마법 (Tier 3, MP:30) 2~4배율 랜덤 (달의축복 시 2~10배율) (x2)","영혼절단 · 마법 · MP 30 · 3티어
위력 2~4배. 필드 버프 ‘달의축복’가 있으면 위력 2~10배.","random_mult_moon_boost",""
"card","gray","2:차원절단","[차원절단] · 물리 (Tier 3, MP:30) 2턴 뒤 발동, 3~6배율 랜덤 공격 (x3)","차원절단 · 물리 · MP 30 · 3티어
2턴 후 위력 3~6배로 공격 예약. 발동 전에 시전자가 사망하면 예약 취소.","delayed_random_attack",""
"card","phantom","0:회피태세","[회피태세] · 보조 (Tier 1, MP:10) 회피율 50% 증가","회피태세 · 보조 · MP 10 · 1티어
자신에게 회피 1턴 부여 (회피율 +50%p).","buff",""
"card","phantom","1:나이트메어","[나이트메어] · 마법 (Tier 2, MP:20) 1~5턴 뒤 악몽을 남긴다. 암흑 상태의 적에게 대미지 2배 (x1)","나이트메어 · 마법 · MP 20 · 2티어
사용 후 1·2·3·4·5턴에 각각 위력 1배로 공격 예약. 발동 시 적이 암흑 상태이면 배율 ×2. 발동 전에 시전자가 사망하면 예약 취소.","phantom_nightmare","Explicit template for hardcoded engine operation"
"card","phantom","2:소울디스트로이어","[소울디스트로이어] · 마법 (Tier 3, MP:30) 암흑 1스택 소모, 암흑 상태의 적에게 대미지 3배 (x2.5)","소울디스트로이어 · 마법 · MP 30 · 3티어
위력 2.5배. 적의 암흑이 1스택 이상이면 1스택 소모하고 배율 ×3.","consume_debuff_fixed",""
"card","cinderella","0:매직가드","[매직가드] · 보조 (Tier 1, MP:10) 마법공격 무효","매직가드 · 보조 · MP 10 · 1티어
자신에게 매직가드 1턴 부여 (마법 피해 무효).","buff",""
"card","cinderella","1:크리스탈킥","[크리스탈킥] · 물리 (Tier 2, MP:20) 적에게 작열 1스택을 부여하고, [약화, 부식] 중 무작위 1종 추가 부여 (x2)","크리스탈킥 · 물리 · MP 20 · 2티어
위력 2배. 적에게 작열 1스택 부여. 적에게 ‘약화·부식’ 중 무작위 1종 부여.","debuff + random_debuff",""
"card","cinderella","2:미드나잇스펠","[미드나잇스펠] · 마법 (Tier 3, MP:30) 적에게 디바인 1스택을 부여하고, [침묵, 저주] 중 무작위 1종 추가 부여 (x2.5)","미드나잇스펠 · 마법 · MP 30 · 3티어
위력 2.5배. 적에게 디바인 1스택 부여. 적에게 ‘침묵·저주’ 중 무작위 1종 부여.","debuff + random_debuff",""
"card","sakura","0:매직가드","[매직가드] · 보조 (Tier 1, MP:10) 마법공격 무효","매직가드 · 보조 · MP 10 · 1티어
자신에게 매직가드 1턴 부여 (마법 피해 무효).","buff",""
"card","sakura","1:봉인부","[봉인부] · 마법 (Tier 3, MP:30) 적에게 [부식, 약화, 침묵, 저주, 암흑] 중 무작위 2종 부여 (x2.5)","봉인부 · 마법 · MP 30 · 3티어
위력 2.5배. 적에게 ‘부식·약화·침묵·저주·암흑’ 중 무작위 2종 부여.","random_debuff",""
"card","sakura","2:폭염부","[폭염부] · 마법 (Tier 3, MP:30) 랜덤 디버프 1종 소모, 대미지 2배 (x2.5)","폭염부 · 마법 · MP 30 · 3티어
위력 2.5배. 적에게 ‘작열·디바인·부식·약화·침묵·저주·암흑·기절·유혹’ 중 1스택 이상인 디버프가 있으면 그중 무작위 1종의 1스택을 소모하고 배율 ×2.","consume_random_debuff_fixed_mult",""
"card","galaxy_whale","0:배리어","[배리어] · 보조 (Tier 1, MP:10) 물리공격 무효","배리어 · 보조 · MP 10 · 1티어
자신에게 배리어 1턴 부여 (물리 피해 무효).","buff",""
"card","galaxy_whale","1:슈퍼노바펄스","[슈퍼노바펄스] · 마법 (Tier 3, MP:30) 디바인 모두 소모, 소모한 개수당 2.0배율 추가 (x2.5)","슈퍼노바펄스 · 마법 · MP 30 · 3티어
위력 2.5배. 적의 디바인을 모두 소모. 소모한 1스택당 배율 +2.","consume_debuff_all",""
"card","galaxy_whale","2:앱솔루트라이트","[앱솔루트라이트] · 마법 (Tier 3, MP:30) 어둠속성 적에게 대미지 3배 (x2.5)","앱솔루트라이트 · 마법 · MP 30 · 3티어
위력 2.5배. 적이 어둠 속성이면 배율 ×3.","dmg_boost:target_element",""
"card","ancient_dragon","0:가드","[가드] · 보조 (Tier 1, MP:10) 대미지 반감","가드 · 보조 · MP 10 · 1티어
자신에게 가드 1턴 부여 (받는 피해 50% 감소).","buff",""
"card","ancient_dragon","1:드래곤크로","[드래곤크로] · 물리 (Tier 2, MP:20) 2배 물리 피해 (자신의 생명력이 100%일시 위력 2배) (x2)","드래곤크로 · 물리 · MP 20 · 2티어
위력 2배. 자신의 HP가 100%이면 위력 4배.","dmg_boost:hp_full",""
"card","ancient_dragon","2:에인션트브레스","[에인션트브레스] · 마법 (Tier 3, MP:30) 작열 부여, 대지의축복 상태에서 대미지 2배 (x2.5)","에인션트브레스 · 마법 · MP 30 · 3티어
위력 2.5배. 적에게 작열 1스택 부여. 필드 버프 ‘대지의축복’가 있으면 배율 ×2.","debuff + dmg_boost:field_buff",""
"card","red_moon","0:가드","[가드] · 보조 (Tier 1, MP:10) 대미지 반감","가드 · 보조 · MP 10 · 1티어
자신에게 가드 1턴 부여 (받는 피해 50% 감소).","buff",""
"card","red_moon","1:데이브레이커","[데이브레이커] · 물리 (Tier 3, MP:30) 현재 생명력 30% 소모 (x5)","데이브레이커 · 물리 · MP 30 · 3티어
위력 5배. 자신의 현재 HP 30% 소모 (최소 1 HP).","self_hp_cost_ratio",""
"card","red_moon","2:이터널플레임","[이터널플레임] · 마법 (Tier 3, MP:30) 작열 1스택 소모 시 대미지 2배 (x2.5)","이터널플레임 · 마법 · MP 30 · 3티어
위력 2.5배. 적의 작열이 1스택 이상이면 1스택 소모하고 배율 ×2.","consume_debuff_fixed",""
"card","ancient_soul","0:회피태세","[회피태세] · 보조 (Tier 1, MP:10) 회피율 50% 증가","회피태세 · 보조 · MP 10 · 1티어
자신에게 회피 1턴 부여 (회피율 +50%p).","buff",""
"card","ancient_soul","1:성염","[성염] · 마법 (Tier 2, MP:20) 필드버프 성역 상태에서 대미지 2배 (x2)","성염 · 마법 · MP 20 · 2티어
위력 2배. 필드 버프 ‘성역’가 있으면 배율 ×2.","dmg_boost:field_buff",""
"card","ancient_soul","2:영혼수확","[영혼수확] · 마법 (Tier 3, MP:30) 적 디버프 1개당 배율 1.5 증가, 사용 후 적 디버프 해제 (x2.5)","영혼수확 · 마법 · MP 30 · 3티어
위력 2.5배. 공격 전 적의 디버프 1종당 배율 +1.5. 공격 후 적의 모든 디버프 해제.","dmg_boost:target_debuff_count_scale + clear_target_debuffs",""
"card","priest_of_end","0:배리어","[배리어] · 보조 (Tier 1, MP:10) 물리공격 무효","배리어 · 보조 · MP 10 · 1티어
자신에게 배리어 1턴 부여 (물리 피해 무효).","buff",""
"card","priest_of_end","1:매직가드","[매직가드] · 보조 (Tier 1, MP:10) 마법공격 무효","매직가드 · 보조 · MP 10 · 1티어
자신에게 매직가드 1턴 부여 (마법 피해 무효).","buff",""
"card","priest_of_end","2:사신강림","[사신강림] · 마법 (Tier 3, MP:30) 4턴 뒤 발동, 발동 시 필드버프 사신강림 부여 (x4)","사신강림 · 마법 · MP 30 · 3티어
4턴 후 위력 4배로 공격 예약. 예약 공격 발동 시 필드 버프 ‘사신강림’ 부여. 발동 전에 시전자가 사망하면 예약 취소.","delayed_attack_field",""
"card","unicorn","0:매직가드","[매직가드] · 보조 (Tier 1, MP:10) 마법공격 무효","매직가드 · 보조 · MP 10 · 1티어
자신에게 매직가드 1턴 부여 (마법 피해 무효).","buff",""
"card","unicorn","1:홀리차지","[홀리차지] · 물리 (Tier 2, MP:20) 디바인 부여 (x2)","홀리차지 · 물리 · MP 20 · 2티어
위력 2배. 적에게 디바인 1스택 부여.","debuff",""
"card","unicorn","2:실버문베일","[실버문베일] · 보조 (Tier 3, MP:30) 필드버프 달의축복 발동","실버문베일 · 보조 · MP 30 · 3티어
필드 버프 ‘달의축복’ 부여.","field_buff",""
"card","mushroom_king","0:가드","[가드] · 보조 (Tier 1, MP:10) 대미지 반감","가드 · 보조 · MP 10 · 1티어
자신에게 가드 1턴 부여 (받는 피해 50% 감소).","buff",""
"card","mushroom_king","1:그랜드슬램","[그랜드슬램] · 물리 (Tier 3, MP:30) 적 생명력이 50% 이하일 때 위력 2배 (x2.5)","그랜드슬램 · 물리 · MP 30 · 3티어
위력 2.5배. 적의 HP가 50% 이하이면 배율 ×2.","dmg_boost:target_hp_below",""
"card","mushroom_king","2:스포어미스트","[스포어미스트] · 마법 (Tier 3, MP:30) 자신의 생명력이 25% 이하일 때 위력 5배 (x2.5)","스포어미스트 · 마법 · MP 30 · 3티어
위력 2.5배. 자신의 HP가 25% 이하이면 배율 ×5.","dmg_boost:hp_below",""
"card","jellyfish_princess","0:가드","[가드] · 보조 (Tier 1, MP:10) 대미지 반감","가드 · 보조 · MP 10 · 1티어
자신에게 가드 1턴 부여 (받는 피해 50% 감소).","buff",""
"card","jellyfish_princess","1:오로라텐타클","[오로라텐타클] · 마법 (Tier 2, MP:20) 적에게 [약화, 부식] 중 무작위 1종 부여 (x2)","오로라텐타클 · 마법 · MP 20 · 2티어
위력 2배. 적에게 ‘약화·부식’ 중 무작위 1종 부여.","random_debuff",""
"card","jellyfish_princess","2:크리스탈레퀴엠","[크리스탈레퀴엠] · 물리 (Tier 3, MP:30) 기절 상태의 적에게 대미지 3배 (x2.5)","크리스탈레퀴엠 · 물리 · MP 30 · 3티어
위력 2.5배. 적이 기절 상태이면 배율 ×3.","dmg_boost:target_debuff",""
"card","eclipse_queen","0:회피태세","[회피태세] · 보조 (Tier 1, MP:10) 회피율 50% 증가","회피태세 · 보조 · MP 10 · 1티어
자신에게 회피 1턴 부여 (회피율 +50%p).","buff",""
"card","eclipse_queen","1:섀도우코로나","[섀도우코로나] · 물리 (Tier 2, MP:20) 암흑 부여 (x2.5)","섀도우코로나 · 물리 · MP 20 · 2티어
위력 2.5배. 적에게 암흑 부여.","debuff",""
"card","eclipse_queen","2:녹턴윙스","[녹턴윙스] · 마법 (Tier 2, MP:20) 약화 상태의 적에게 대미지 2배 (x2)","녹턴윙스 · 마법 · MP 20 · 2티어
위력 2배. 적이 약화 상태이면 배율 ×2.","dmg_boost:target_debuff",""
"card","crystal_dancer","0:회피태세","[회피태세] · 보조 (Tier 1, MP:10) 회피율 50% 증가","회피태세 · 보조 · MP 10 · 1티어
자신에게 회피 1턴 부여 (회피율 +50%p).","buff",""
"card","crystal_dancer","1:댄싱대거","[댄싱대거] · 물리 (Tier 2, MP:20) 회피율 50% 증가 (x1.5)","댄싱대거 · 물리 · MP 20 · 2티어
위력 1.5배. 자신에게 회피 1턴 부여 (회피율 +50%p).","buff",""
"card","crystal_dancer","2:하트브레이커","[하트브레이커] · 마법 (Tier 3, MP:30) 기절 상태의 적에게 대미지 3배 (x2.5)","하트브레이커 · 마법 · MP 30 · 3티어
위력 2.5배. 적이 기절 상태이면 배율 ×3.","dmg_boost:target_debuff",""
"card","sun_priestess","0:배리어","[배리어] · 보조 (Tier 1, MP:10) 물리공격 무효","배리어 · 보조 · MP 10 · 1티어
자신에게 배리어 1턴 부여 (물리 피해 무효).","buff",""
"card","sun_priestess","1:풍요의축제","[풍요의축제] · 보조 (Tier 3, MP:30) 작열스택 소모시 태양의축복, 없을시 대지의축복","풍요의축제 · 보조 · MP 30 · 3티어
적에게 작열이 있으면 전부 소모하고 필드 버프 ‘태양의축복’ 부여. 없으면 필드 버프 ‘대지의축복’ 부여.","consume_all_burn_cond_buff","Explicit template for hardcoded engine operation"
"card","sun_priestess","2:태양의춤","[태양의춤] · 마법 (Tier 2, MP:20) 작열 1스택 소모하여 대미지 2배 (x2)","태양의춤 · 마법 · MP 20 · 2티어
위력 2배. 적의 작열이 1스택 이상이면 1스택 소모하고 배율 ×2.","consume_debuff_fixed",""
"card","hellhound","0:가드","[가드] · 보조 (Tier 1, MP:10) 대미지 반감","가드 · 보조 · MP 10 · 1티어
자신에게 가드 1턴 부여 (받는 피해 50% 감소).","buff",""
"card","hellhound","1:섀도우러쉬","[섀도우러쉬] · 마법 (Tier 2, MP:20) 약화 부여 (x2)","섀도우러쉬 · 마법 · MP 20 · 2티어
위력 2배. 적에게 약화 부여.","debuff",""
"card","hellhound","2:헬바이트","[헬바이트] · 물리 (Tier 2, MP:20) 작열 모두 소모, 소모한 개수당 2.0배율 추가 (x2)","헬바이트 · 물리 · MP 20 · 2티어
위력 2배. 적의 작열을 모두 소모. 소모한 1스택당 배율 +2.","consume_debuff_all",""
"card","siren","0:매직가드","[매직가드] · 보조 (Tier 1, MP:10) 마법공격 무효","매직가드 · 보조 · MP 10 · 1티어
자신에게 매직가드 1턴 부여 (마법 피해 무효).","buff",""
"card","siren","1:실버문베일","[실버문베일] · 보조 (Tier 3, MP:30) 필드버프 달의축복 발동","실버문베일 · 보조 · MP 30 · 3티어
필드 버프 ‘달의축복’ 부여.","field_buff",""
"card","siren","2:타이달스크림","[타이달스크림] · 마법 (Tier 2, MP:20) 침묵 부여 (x2)","타이달스크림 · 마법 · MP 20 · 2티어
위력 2배. 적에게 침묵 부여.","debuff",""
"card","fallen_angel","0:배리어","[배리어] · 보조 (Tier 1, MP:10) 물리공격 무효","배리어 · 보조 · MP 10 · 1티어
자신에게 배리어 1턴 부여 (물리 피해 무효).","buff",""
"card","fallen_angel","1:다크레이","[다크레이] · 마법 (Tier 2, MP:20) 디바인 1스택 소모하여 대미지 2배 (x2)","다크레이 · 마법 · MP 20 · 2티어
위력 2배. 적의 디바인이 1스택 이상이면 1스택 소모하고 배율 ×2.","consume_debuff_fixed",""
"card","fallen_angel","2:타락의낙인","[타락의낙인] · 물리 (Tier 2, MP:20) 디바인 1스택 소모하고 암흑 부여 (x1.5)","타락의낙인 · 물리 · MP 20 · 2티어
위력 1.5배. 적에게 디바인이 있으면 1스택 소모하고 적에게 암흑 부여.","consume_divine_add_darkness",""
"card","forget_me_not","0:매직가드","[매직가드] · 보조 (Tier 1, MP:10) 마법공격 무효","매직가드 · 보조 · MP 10 · 1티어
자신에게 매직가드 1턴 부여 (마법 피해 무효).","buff",""
"card","forget_me_not","1:블루메모리","[블루메모리] · 보조 (Tier 2, MP:20) 적에게 디바인 1스택을 부여하고, [약화, 침묵] 중 무작위 1종 추가 부여","블루메모리 · 보조 · MP 20 · 2티어
적에게 디바인 1스택 부여. 적에게 ‘약화·침묵’ 중 무작위 1종 부여.","debuff + random_debuff",""
"card","forget_me_not","2:미드나잇가든","[미드나잇가든] · 마법 (Tier 3, MP:30) 대지의축복 소모 시 대미지 3배 (x2.5)","미드나잇가든 · 마법 · MP 30 · 3티어
위력 2.5배. 필드 버프 ‘대지의축복’가 있으면 1개 소모하고 배율 ×3.","consume_field_buff_dmg",""
"card","aurora","0:리버설","[리버설] · 보조 (Tier 2, MP:20) 저주 부여 및 마법공격 무효","리버설 · 보조 · MP 20 · 2티어
적에게 저주 부여. 자신에게 매직가드 1턴 부여 (마법 피해 무효).","debuff + buff",""
"card","aurora","1:리플렉션","[리플렉션] · 보조 (Tier 2, MP:20) 침묵 부여 및 물리공격 무효","리플렉션 · 보조 · MP 20 · 2티어
적에게 침묵 부여. 자신에게 배리어 1턴 부여 (물리 피해 무효).","debuff + buff",""
"card","aurora","2:라비린스","[라비린스] · 마법 (Tier 2, MP:20) 부식 상태의 적에게 대미지 2배 (x2)","라비린스 · 마법 · MP 20 · 2티어
위력 2배. 적이 부식 상태이면 배율 ×2.","dmg_boost:target_debuff",""
"card","time_magician","0:가드","[가드] · 보조 (Tier 1, MP:10) 대미지 반감","가드 · 보조 · MP 10 · 1티어
자신에게 가드 1턴 부여 (받는 피해 50% 감소).","buff",""
"card","time_magician","1:엑셀레이터","[엑셀레이터] · 마법 (Tier 2, MP:20) 부식 부여 (x2)","엑셀레이터 · 마법 · MP 20 · 2티어
위력 2배. 적에게 부식 부여.","debuff",""
"card","time_magician","2:데스클록","[데스클록] · 마법 (Tier 3, MP:30) 마법 2배율, 10의 배수 턴에 대미지 5배 (x2)","데스클록 · 마법 · MP 30 · 3티어
위력 2배. 10의 배수 턴이면 배율 ×5.","turn_modulo_dmg",""
"card","cotton_candy_sheep","0:가드","[가드] · 보조 (Tier 1, MP:10) 대미지 반감","가드 · 보조 · MP 10 · 1티어
자신에게 가드 1턴 부여 (받는 피해 50% 감소).","buff",""
"card","cotton_candy_sheep","1:자장가","[자장가] · 물리 (Tier 2, MP:20) 30%확률로 적에게 스턴 부여 (x2)","자장가 · 물리 · MP 20 · 2티어
위력 2배. 30% 확률로 적에게 기절 부여.","chance_debuff",""
"card","cotton_candy_sheep","2:솜사탕","[솜사탕] · 마법 (Tier 3, MP:30) 필드버프 트윙클파티 부여 (x1.5)","솜사탕 · 마법 · MP 30 · 3티어
위력 1.5배. 필드 버프 ‘트윙클파티’ 부여.","field_buff",""
"card","shadow_cat","0:회피태세","[회피태세] · 보조 (Tier 1, MP:10) 회피율 50% 증가","회피태세 · 보조 · MP 10 · 1티어
자신에게 회피 1턴 부여 (회피율 +50%p).","buff",""
"card","shadow_cat","1:사일런트스텝","[사일런트스텝] · 물리 (Tier 2, MP:20) 반드시 치명타로 적중 (x1.5)","사일런트스텝 · 물리 · MP 20 · 2티어
위력 1.5배. 반드시 치명타로 적중.","force_crit",""
"card","shadow_cat","2:베놈슬래시","[베놈슬래시] · 물리 (Tier 2, MP:20) 부식 부여 (x1.5)","베놈슬래시 · 물리 · MP 20 · 2티어
위력 1.5배. 적에게 부식 부여.","debuff",""
"card","snow_penguin","0:가드","[가드] · 보조 (Tier 1, MP:10) 대미지 반감","가드 · 보조 · MP 10 · 1티어
자신에게 가드 1턴 부여 (받는 피해 50% 감소).","buff",""
"card","snow_penguin","1:제트슬라이드","[제트슬라이드] · 물리 (Tier 3, MP:30) 기절한 적에게 대미지 5배 (x2)","제트슬라이드 · 물리 · MP 30 · 3티어
위력 2배. 적이 기절 상태이면 배율 ×5.","dmg_boost:target_debuff",""
"card","snow_penguin","2:콜드웨이크","[콜드웨이크] · 마법 (Tier 2, MP:20) 적에게 [저주, 침묵] 중 무작위 1종 부여 (x1.5)","콜드웨이크 · 마법 · MP 20 · 2티어
위력 1.5배. 적에게 ‘저주·침묵’ 중 무작위 1종 부여.","random_debuff",""
"card","desert_fox","0:가드","[가드] · 보조 (Tier 1, MP:10) 대미지 반감","가드 · 보조 · MP 10 · 1티어
자신에게 가드 1턴 부여 (받는 피해 50% 감소).","buff",""
"card","desert_fox","1:황금폭풍","[황금폭풍] · 마법 (Tier 2, MP:20) 작열 1스택 소모 시 적에게 [약화, 부식, 저주, 침묵] 중 무작위 2종 부여 (x1)","황금폭풍 · 마법 · MP 20 · 2티어
위력 1배. 적의 작열이 1스택 이상이면 1스택 소모하고 적에게 ‘약화·부식·저주·침묵’ 중 무작위 2종 부여.","consume_debuff_then_random_debuff",""
"card","desert_fox","2:모래돌진","[모래돌진] · 물리 (Tier 2, MP:20) 작열 부여 (x1.5)","모래돌진 · 물리 · MP 20 · 2티어
위력 1.5배. 적에게 작열 1스택 부여.","debuff",""
"card","blessing_tail","0:매직가드","[매직가드] · 보조 (Tier 1, MP:10) 마법공격 무효","매직가드 · 보조 · MP 10 · 1티어
자신에게 매직가드 1턴 부여 (마법 피해 무효).","buff",""
"card","blessing_tail","1:홀리블레싱","[홀리블레싱] · 보조 (Tier 3, MP:30) 1턴 뒤 필드버프 성역 발동","홀리블레싱 · 보조 · MP 30 · 3티어
1턴 후 위력 배로 공격 예약. 예약 공격 발동 시 필드 버프 ‘성역’ 부여. 발동 전에 시전자가 사망하면 예약 취소.","delayed_attack_field",""
"card","blessing_tail","2:폭스플레임","[폭스플레임] · 마법 (Tier 2, MP:20) 디바인 부여 (x1.5)","폭스플레임 · 마법 · MP 20 · 2티어
위력 1.5배. 적에게 디바인 1스택 부여.","debuff",""
"card","sunflower","0:배리어","[배리어] · 보조 (Tier 1, MP:10) 물리공격 무효","배리어 · 보조 · MP 10 · 1티어
자신에게 배리어 1턴 부여 (물리 피해 무효).","buff",""
"card","sunflower","1:솔라플레어","[솔라플레어] · 마법 (Tier 3, MP:30) 사용 후 2턴 뒤에 공격 (x4)","솔라플레어 · 마법 · MP 30 · 3티어
2턴 후 위력 4배로 공격 예약. 발동 전에 시전자가 사망하면 예약 취소.","delayed_attack",""
"card","sunflower","2:어쓰블라썸","[어쓰블라썸] · 물리 (Tier 2, MP:20) 대지의축복 상태에서 대미지 2배 (x2)","어쓰블라썸 · 물리 · MP 20 · 2티어
위력 2배. 필드 버프 ‘대지의축복’가 있으면 배율 ×2.","dmg_boost:field_buff",""
"card","joker","0:가드","[가드] · 보조 (Tier 1, MP:10) 대미지 반감","가드 · 보조 · MP 10 · 1티어
자신에게 가드 1턴 부여 (받는 피해 50% 감소).","buff",""
"card","joker","1:레인보우룰렛","[레인보우룰렛] · 보조 (Tier 10, MP:100) 모든 필드버프 교체","레인보우룰렛 · 보조 · MP 100 · 10티어
모든 필드 버프 해제 후 필드에 ‘태양의축복·달의축복·성역·여신강림·대지의축복·트윙클파티·스타파우더’ 중 무작위 1종 부여.","roulette_field","Explicit template for hardcoded engine operation"
"card","joker","2:와일드카드","[와일드카드] · 보조 (Tier 10, MP:100) 적의 디버프를 모두 제거하고 적에게 [저주, 암흑, 침묵, 약화, 부식, 작열, 디바인, 유혹] 중 무작위 2종 부여","와일드카드 · 보조 · MP 100 · 10티어
적의 모든 디버프 해제 후 적에게 ‘저주·암흑·침묵·약화·부식·작열·디바인·유혹’ 중 무작위 2종 부여.","wild_card_debuff","Explicit template for hardcoded engine operation"
"card","doom_luther","0:진실의거울","[진실의거울] · 물리 (Tier 2, MP:20) 물리 2배율, 상대의 물리공격 무효화 (x2)","진실의거울 · 물리 · MP 20 · 2티어
위력 2배. 자신에게 배리어 1턴 부여 (물리 피해 무효).","buff",""
"card","doom_luther","1:허실의거울","[허실의거울] · 마법 (Tier 2, MP:20) 마법 2배율, 상대의 마법공격 무효화 (x2)","허실의거울 · 마법 · MP 20 · 2티어
위력 2배. 자신에게 매직가드 1턴 부여 (마법 피해 무효).","buff",""
"card","doom_luther","2:갓킬러","[갓킬러] · 물리 (Tier 2, MP:20) 물리 2배율, 빛속성 적에게 대미지 2배 (x2)","갓킬러 · 물리 · MP 20 · 2티어
위력 2배. 적이 빛 속성이면 배율 ×2.","dmg_boost:target_element",""
"card","cure_master","0:레모네이드","[레모네이드] · 보조 (Tier 3, MP:30) 필드버프 스타파우더 부여, 3턴간 받는 대미지 50% 감소","레모네이드 · 보조 · MP 30 · 3티어
필드 버프 ‘스타파우더’ 부여. 자신에게 반감 3턴 부여 (받는 피해 50% 감소).","field_buff + buff",""
"card","cure_master","1:멜트다운","[멜트다운] · 마법 (Tier 2, MP:20) 마법 2배율, 약화 부여, 기절 상태의 적에게 대미지 2배 (x2)","멜트다운 · 마법 · MP 20 · 2티어
위력 2배. 적에게 약화 부여. 적이 기절 상태이면 배율 ×2.","debuff + dmg_boost:target_debuff",""
"card","cure_master","2:굿나잇키스","[굿나잇키스] · 마법 (Tier 3, MP:30) 마법 2배율, 10의 배수 턴에 대미지 5배 (x2)","굿나잇키스 · 마법 · MP 30 · 3티어
위력 2배. 10의 배수 턴이면 배율 ×5.","turn_modulo_dmg",""
"card","cherry_prince","0:체리로열가드","[체리로열가드] · 보조 (Tier 2, MP:20) 3턴간 받는 대미지 50% 감소","체리로열가드 · 보조 · MP 20 · 2티어
자신에게 반감 3턴 부여 (받는 피해 50% 감소).","buff",""
"card","cherry_prince","1:블러썸피어스","[블러썸피어스] · 물리 (Tier 2, MP:20) 물리 1.5배율, 부식과 저주 부여 (x1.5)","블러썸피어스 · 물리 · MP 20 · 2티어
위력 1.5배. 적에게 부식 부여. 적에게 저주 부여.","debuff + debuff",""
"card","cherry_prince","2:루비스타카토","[루비스타카토] · 마법 (Tier 3, MP:30) 마법 3배율, 달의축복 상태에서 대미지 2.5배 (x3)","루비스타카토 · 마법 · MP 30 · 3티어
위력 3배. 필드 버프 ‘달의축복’가 있으면 배율 ×2.5.","dmg_boost:field_buff",""
"card","sylphid","0:회피태세","[회피태세] · 보조 (Tier 1, MP:10) 회피율 50% 증가","회피태세 · 보조 · MP 10 · 1티어
자신에게 회피 1턴 부여 (회피율 +50%p).","buff",""
"card","sylphid","1:실프스탭","[실프스탭] · 물리 (Tier 2, MP:20) 3턴간 지속되는 필드버프 질풍 발동 (x1.5)","실프스탭 · 물리 · MP 20 · 2티어
위력 1.5배. 필드 버프 ‘질풍’ 3턴 부여.","field_buff",""
"card","sylphid","2:템페스트크로","[템페스트크로] · 마법 (Tier 3, MP:30) 질풍 상태에서 대미지 2배 (x2.5)","템페스트크로 · 마법 · MP 30 · 3티어
위력 2.5배. 필드 버프 ‘질풍’가 있으면 배율 ×2.","dmg_boost:field_buff",""
"card","harmonius","0:가드","[가드] · 보조 (Tier 1, MP:10) 대미지 반감","가드 · 보조 · MP 10 · 1티어
자신에게 가드 1턴 부여 (받는 피해 50% 감소).","buff",""
"card","harmonius","1:스위트드롭","[스위트드롭] · 물리 (Tier 2, MP:20) 스타파우더 상태에서 대미지 2배 (x2)","스위트드롭 · 물리 · MP 20 · 2티어
위력 2배. 필드 버프 ‘스타파우더’가 있으면 배율 ×2.","dmg_boost:field_buff",""
"card","harmonius","2:시트러스윙크","[시트러스윙크] · 마법 (Tier 2, MP:20) 트윙클파티 상태에서 대미지 2배 (x2)","시트러스윙크 · 마법 · MP 20 · 2티어
위력 2배. 필드 버프 ‘트윙클파티’가 있으면 배율 ×2.","dmg_boost:field_buff",""
"card","alchemist","0:매직가드","[매직가드] · 보조 (Tier 1, MP:10) 마법공격을 1회 무효화","매직가드 · 보조 · MP 10 · 1티어
자신에게 매직가드 1턴 부여 (마법 피해 무효).","buff",""
"card","alchemist","1:금단의실험","[금단의실험] · 마법 (Tier 3, MP:30) 마법 2배율, 필드버프 스타파우더 부여 (x2)","금단의실험 · 마법 · MP 30 · 3티어
위력 2배. 필드 버프 ‘스타파우더’ 부여.","field_buff",""
"card","alchemist","2:은빛마법진","[은빛마법진] · 보조 (Tier 3, MP:30) 1턴 뒤 필드버프 달의축복 발동","은빛마법진 · 보조 · MP 30 · 3티어
1턴 후 위력 배로 공격 예약. 예약 공격 발동 시 필드 버프 ‘달의축복’ 부여. 발동 전에 시전자가 사망하면 예약 취소.","delayed_attack_field",""
"card","santa","0:배리어","[배리어] · 보조 (Tier 1, MP:10) 물리공격을 1회 무효화","배리어 · 보조 · MP 10 · 1티어
자신에게 배리어 1턴 부여 (물리 피해 무효).","buff",""
"card","santa","1:프레젠트","[프레젠트] · 보조 (Tier 3, MP:30) 랜덤한 필드버프를 부여","프레젠트 · 보조 · MP 30 · 3티어
필드에 ‘태양의축복·달의축복·성역·여신강림·대지의축복·트윙클파티·스타파우더·아레나’ 중 무작위 1종 부여.","random_field_buff",""
"card","santa","2:징글벨","[징글벨] · 마법 (Tier 3, MP:30) 마법 1~5배율, 적에게 디바인 부여 (x1)","징글벨 · 마법 · MP 30 · 3티어
위력 1~5배. 적에게 디바인 1스택 부여.","random_mult + debuff",""
"card","guardian","0:가드","[가드] · 보조 (Tier 1, MP:10) 대미지 반감","가드 · 보조 · MP 10 · 1티어
자신에게 가드 1턴 부여 (받는 피해 50% 감소).","buff",""
"card","guardian","1:배틀필드","[배틀필드] · 보조 (Tier 2, MP:20) 필드버프 아레나 부여","배틀필드 · 보조 · MP 20 · 2티어
필드 버프 ‘아레나’ 부여.","field_buff",""
"card","guardian","2:판게아리버스","[판게아리버스] · 마법 (Tier 3, MP:30) 4턴 뒤 발동하는 마법 공격 (x7)","판게아리버스 · 마법 · MP 30 · 3티어
4턴 후 위력 7배로 공격 예약. 발동 전에 시전자가 사망하면 예약 취소.","delayed_attack",""
"card","ash","0:회피태세","[회피태세] · 보조 (Tier 1, MP:10) 회피율 50% 증가","회피태세 · 보조 · MP 10 · 1티어
자신에게 회피 1턴 부여 (회피율 +50%p).","buff",""
"card","ash","1:아마겟돈","[아마겟돈] · 물리 (Tier 3, MP:30) 현재 생명력 50% 소모, 다음 턴 휴식 (x7)","아마겟돈 · 물리 · MP 30 · 3티어
위력 7배. 자신의 현재 HP 50% 소모 (최소 1 HP). 자신에게 기절 부여 (다음 턴 행동 불가).","self_hp_cost_ratio + self_debuff",""
"card","ash","2:드림파이어","[드림파이어] · 마법 (Tier 3, MP:30) 마법 공격 후 회피 태세 진입 (x1.5)","드림파이어 · 마법 · MP 30 · 3티어
위력 1.5배. 자신에게 회피 1턴 부여 (회피율 +50%p).","buff",""
"card","legendary_captain","0:가드","[가드] · 보조 (Tier 1, MP:10) 받는 대미지 50% 감소","가드 · 보조 · MP 10 · 1티어
자신에게 가드 1턴 부여 (받는 피해 50% 감소).","buff",""
"card","legendary_captain","1:앵커체인","[앵커체인] · 물리 (Tier 2, MP:20) 물리 2배율, 적에게 [침묵, 부식] 중 무작위 1종 부여 (x2)","앵커체인 · 물리 · MP 20 · 2티어
위력 2배. 적에게 ‘침묵·부식’ 중 무작위 1종 부여.","random_debuff",""
"card","legendary_captain","2:선상결투","[선상결투] · 보조 (Tier 2, MP:20) 필드버프 아레나 부여","선상결투 · 보조 · MP 20 · 2티어
필드 버프 ‘아레나’ 부여.","field_buff",""
"card","ember_tiger","0:가드","[가드] · 보조 (Tier 1, MP:10) 받는 대미지 50% 감소","가드 · 보조 · MP 10 · 1티어
자신에게 가드 1턴 부여 (받는 피해 50% 감소).","buff",""
"card","ember_tiger","1:와일드러쉬","[와일드러쉬] · 물리 (Tier 3, MP:30) 물리 2배율, 적에게 작열 부여 (x2)","와일드러쉬 · 물리 · MP 30 · 3티어
위력 2배. 적에게 작열 1스택 부여.","debuff",""
"card","ember_tiger","2:블레이즈크로","[블레이즈크로] · 마법 (Tier 3, MP:30) 마법 2배율, 적에게 [약화, 침묵] 중 무작위 1종 부여 (x2)","블레이즈크로 · 마법 · MP 30 · 3티어
위력 2배. 적에게 ‘약화·침묵’ 중 무작위 1종 부여.","random_debuff",""
"card","executor","0:가드","[가드] · 보조 (Tier 1, MP:10) 받는 대미지 50% 감소","가드 · 보조 · MP 10 · 1티어
자신에게 가드 1턴 부여 (받는 피해 50% 감소).","buff",""
"card","executor","1:워크라이","[워크라이] · 보조 (Tier 2, MP:20) 필드버프 아레나 부여","워크라이 · 보조 · MP 20 · 2티어
필드 버프 ‘아레나’ 부여.","field_buff",""
"card","executor","2:섀도우길로틴","[섀도우길로틴] · 마법 (Tier 2, MP:20) 마법 2배율, 암흑 부여 (x2)","섀도우길로틴 · 마법 · MP 20 · 2티어
위력 2배. 적에게 암흑 부여.","debuff",""
"card","black_swan","0:회피태세","[회피태세] · 보조 (Tier 1, MP:10) 회피율 50% 증가","회피태세 · 보조 · MP 10 · 1티어
자신에게 회피 1턴 부여 (회피율 +50%p).","buff",""
"card","black_swan","1:흑조의속삭임","[흑조의속삭임] · 물리 (Tier 2, MP:20) 물리 2배율, 적에게 암흑 부여 (x2)","흑조의속삭임 · 물리 · MP 20 · 2티어
위력 2배. 적에게 암흑 부여.","debuff",""
"card","black_swan","2:운명의무도","[운명의무도] · 마법 (Tier 3, MP:30) 마법 2.5배율, 달의축복 상태에서 대미지 2배 (x2.5)","운명의무도 · 마법 · MP 30 · 3티어
위력 2.5배. 필드 버프 ‘달의축복’가 있으면 배율 ×2.","dmg_boost:field_buff",""
"card","prism_twin","0:회피태세","[회피태세] · 보조 (Tier 1, MP:10) 회피율 50% 증가","회피태세 · 보조 · MP 10 · 1티어
자신에게 회피 1턴 부여 (회피율 +50%p).","buff",""
"card","prism_twin","1:프리즘셔플","[프리즘셔플] · 마법 (Tier 2, MP:20) 현재 필드버프 수를 유지하며 랜덤 교체 (x2.5)","프리즘셔플 · 마법 · MP 20 · 2티어
위력 2.5배. 현재 필드 버프 수를 유지하며 무작위로 교체.","prism_shuffle_field","Explicit template for hardcoded engine operation"
"card","prism_twin","2:일루미네이션","[일루미네이션] · 마법 (Tier 3, MP:30) 3턴 뒤 발동, 발동 시 랜덤 필드버프 부여 (x3)","일루미네이션 · 마법 · MP 30 · 3티어
3턴 후 위력 3배로 공격 예약. 예약 공격 발동 시 무작위 필드 버프 1종 부여 (태양의축복·달의축복·성역·여신강림·대지의축복·트윙클파티·스타파우더·아레나). 발동 전에 시전자가 사망하면 예약 취소.","delayed_attack_random_field",""
"card","underdog","0:퍼펙트머슬","[퍼펙트머슬] · 보조 (Tier 3, MP:30) 3턴간 받는 대미지 50% 감소","퍼펙트머슬 · 보조 · MP 30 · 3티어
자신에게 반감 3턴 부여 (받는 피해 50% 감소).","buff",""
"card","underdog","1:빅쇼","[빅쇼] · 보조 (Tier 2, MP:20) 필드버프 아레나 부여","빅쇼 · 보조 · MP 20 · 2티어
필드 버프 ‘아레나’ 부여.","field_buff",""
"card","underdog","2:기가크러셔","[기가크러셔] · 마법 (Tier 3, MP:30) 마법 4배율, 다음 턴 행동 불가 (x4)","기가크러셔 · 마법 · MP 30 · 3티어
위력 4배. 자신에게 기절 부여 (다음 턴 행동 불가).","self_debuff",""
"card","sugar_powder","0:가드","[가드] · 보조 (Tier 1, MP:10) 대미지 반감","가드 · 보조 · MP 10 · 1티어
자신에게 가드 1턴 부여 (받는 피해 50% 감소).","buff",""
"card","sugar_powder","1:그랜드케이크","[그랜드케이크] · 마법 (Tier 3, MP:30) 스타파우더 소모 시 대미지 3배 (x2.5)","그랜드케이크 · 마법 · MP 30 · 3티어
위력 2.5배. 필드 버프 ‘스타파우더’가 있으면 1개 소모하고 배율 ×3.","consume_field_buff_dmg",""
"card","sugar_powder","2:캔디메테오","[캔디메테오] · 물리 (Tier 3, MP:30) 트윙클파티 소모 시 대미지 3배 (x2.5)","캔디메테오 · 물리 · MP 30 · 3티어
위력 2.5배. 필드 버프 ‘트윙클파티’가 있으면 1개 소모하고 배율 ×3.","consume_field_buff_dmg",""
"card","skull_dragon","0:가드","[가드] · 보조 (Tier 1, MP:10) 대미지 반감","가드 · 보조 · MP 10 · 1티어
자신에게 가드 1턴 부여 (받는 피해 50% 감소).","buff",""
"card","skull_dragon","1:드래곤크로","[드래곤크로] · 물리 (Tier 2, MP:20) 2배 물리 피해 (자신의 생명력이 100%일시 위력 2배) (x2)","드래곤크로 · 물리 · MP 20 · 2티어
위력 2배. 자신의 HP가 100%이면 위력 4배.","dmg_boost:hp_full",""
"card","skull_dragon","2:스컬브레스","[스컬브레스] · 마법 (Tier 3, MP:30) 현재 생명력 30% 감소 (x5)","스컬브레스 · 마법 · MP 30 · 3티어
위력 5배. 자신의 현재 HP 30% 소모 (최소 1 HP).","self_hp_cost_ratio",""
"card","dragon_miko","0:매직가드","[매직가드] · 보조 (Tier 1, MP:10) 마법공격 무효","매직가드 · 보조 · MP 10 · 1티어
자신에게 매직가드 1턴 부여 (마법 피해 무효).","buff",""
"card","dragon_miko","1:스파클","[스파클] · 마법 (Tier 3, MP:30) 필드버프 트윙클파티 부여, 작열 부여 (x2)","스파클 · 마법 · MP 30 · 3티어
위력 2배. 필드 버프 ‘트윙클파티’ 부여. 적에게 작열 1스택 부여.","field_buff + debuff",""
"card","dragon_miko","2:버닝스피릿","[버닝스피릿] · 마법 (Tier 2, MP:20) 작열 부여 (x2)","버닝스피릿 · 마법 · MP 20 · 2티어
위력 2배. 적에게 작열 1스택 부여.","debuff",""
"card","perfect_aurora","0:진실의거울","[진실의거울] · 물리 (Tier 2, MP:20) 물리 2배율, 상대의 물리공격 무효화 (x2)","진실의거울 · 물리 · MP 20 · 2티어
위력 2배. 자신에게 배리어 1턴 부여 (물리 피해 무효).","buff",""
"card","perfect_aurora","1:허실의거울","[허실의거울] · 마법 (Tier 2, MP:20) 마법 2배율, 상대의 마법공격 무효화 (x2)","허실의거울 · 마법 · MP 20 · 2티어
위력 2배. 자신에게 매직가드 1턴 부여 (마법 피해 무효).","buff",""
"card","perfect_aurora","2:퍼펙트플랜","[퍼펙트플랜] · 마법 (Tier 3, MP:30) 3턴 뒤 발동, 발동 시 약화/부식/침묵/저주/기절 부여 (x4)","퍼펙트플랜 · 마법 · MP 30 · 3티어
3턴 후 위력 4배로 공격 예약. 예약 공격 발동 시 적에게 약화·부식·침묵·저주·기절 부여. 발동 전에 시전자가 사망하면 예약 취소.","delayed_attack_debuffs",""
"card","flare_ribbon","0:가드","[가드] · 보조 (Tier 1, MP:10) 대미지 반감","가드 · 보조 · MP 10 · 1티어
자신에게 가드 1턴 부여 (받는 피해 50% 감소).","buff",""
"card","flare_ribbon","1:리듬하이","[리듬하이] · 보조 (Tier 3, MP:30) 필드버프 트윙클파티 부여","리듬하이 · 보조 · MP 30 · 3티어
필드 버프 ‘트윙클파티’ 부여.","field_buff",""
"card","flare_ribbon","2:스파클래쉬","[스파클래쉬] · 마법 (Tier 2, MP:20) 마법 2배율 (x2)","스파클래쉬 · 마법 · MP 20 · 2티어
위력 2배.","simple_attack",""
"card","entropy","0:매직가드","[매직가드] · 보조 (Tier 1, MP:10) 마법공격 무효","매직가드 · 보조 · MP 10 · 1티어
자신에게 매직가드 1턴 부여 (마법 피해 무효).","buff",""
"card","entropy","1:노바레퀴엠","[노바레퀴엠] · 물리 (Tier 3, MP:30) 필드버프를 전부 제거하고 제거한 수 x2.0 만큼 위력 증가 (x2.5)","노바레퀴엠 · 물리 · MP 30 · 3티어
위력 2.5배. 필드 버프를 모두 소모. 소모한 1개당 배율 +2.","consume_field_all",""
"card","entropy","2:화이트노이즈","[화이트노이즈] · 마법 (Tier 3, MP:30) 적 디버프 1개당 배율 1.0 증가, 사용 후 적 디버프 해제 (x2.5)","화이트노이즈 · 마법 · MP 30 · 3티어
위력 2.5배. 공격 전 적의 디버프 1종당 배율 +1. 공격 후 적의 모든 디버프 해제.","dmg_boost:target_debuff_count_scale + clear_target_debuffs",""
"card","tinker_bell","0:매직가드","[매직가드] · 보조 (Tier 1, MP:10) 마법공격 무효","매직가드 · 보조 · MP 10 · 1티어
자신에게 매직가드 1턴 부여 (마법 피해 무효).","buff",""
"card","tinker_bell","1:픽시더스트","[픽시더스트] · 마법 (Tier 2, MP:20) 디바인, 저주 부여 (x1.5)","픽시더스트 · 마법 · MP 20 · 2티어
위력 1.5배. 적에게 디바인 1스택 부여. 적에게 저주 부여.","debuff + debuff",""
"card","tinker_bell","2:네버랜드","[네버랜드] · 마법 (Tier 3, MP:30) 디바인, 침묵 부여 (x2.5)","네버랜드 · 마법 · MP 30 · 3티어
위력 2.5배. 적에게 디바인 1스택 부여. 적에게 침묵 부여.","debuff + debuff",""
"card","gumiho","0:회피태세","[회피태세] · 보조 (Tier 1, MP:10) 회피율 50% 증가","회피태세 · 보조 · MP 10 · 1티어
자신에게 회피 1턴 부여 (회피율 +50%p).","buff",""
"card","gumiho","1:여우불","[여우불] · 마법 (Tier 2, MP:20) 암흑 상태의 적에게 대미지 2배 (x1.5)","여우불 · 마법 · MP 20 · 2티어
위력 1.5배. 적이 암흑 상태이면 배율 ×2.","dmg_boost:target_debuff",""
"card","gumiho","2:요화천벌","[요화천벌] · 마법 (Tier 3, MP:30) 작열/디바인 전부 소모, 소모한 스택당 1.0배율 추가 (x2)","요화천벌 · 마법 · MP 30 · 3티어
위력 2배. 적의 작열을 모두 소모. 소모한 1스택당 배율 +1. 적의 디바인을 모두 소모. 소모한 1스택당 배율 +1.","consume_debuff_all + consume_debuff_all",""
"card","venom","0:가드","[가드] · 보조 (Tier 1, MP:10) 피해 50% 감소","가드 · 보조 · MP 10 · 1티어
자신에게 가드 1턴 부여 (받는 피해 50% 감소).","buff",""
"card","venom","1:플래이그","[플래이그] · 마법 (Tier 2, MP:20) 5턴에 걸쳐 매 턴 1배 마법대미지와 적에게 [약화, 침묵, 부식, 저주, 암흑, 디바인, 작열, 유혹] 중 무작위 1종 부여 (x1)","플래이그 · 마법 · MP 20 · 2티어
사용 후 1·2·3·4·5턴에 각각 위력 1배로 공격 예약. 적에게 ‘약화·침묵·부식·저주·암흑·디바인·작열·유혹’ 중 무작위 1종 부여. 발동 전에 시전자가 사망하면 예약 취소.","multi_delayed_attack + random_debuff",""
"card","venom","2:베놈허그","[베놈허그] · 물리 (Tier 3, MP:30) 적에게 암흑 부여 (x2.5)","베놈허그 · 물리 · MP 30 · 3티어
위력 2.5배. 적에게 암흑 부여.","debuff",""
"card","dainichi_nyorai","0:오지관제","[오지관제] · 보조 (Tier 1, MP:10) 피해 반감 부여, 무작위 필드버프 생성","오지관제 · 보조 · MP 10 · 1티어
자신에게 반감 1턴 부여 (받는 피해 50% 감소). 필드에 ‘태양의축복·달의축복·성역·여신강림·대지의축복·트윙클파티·스타파우더·아레나’ 중 무작위 1종 부여.","buff + random_field_buff",""
"card","dainichi_nyorai","1:일체지광","[일체지광] · 마법 (Tier 2, MP:20) 디바인 부여 (x2)","일체지광 · 마법 · MP 20 · 2티어
위력 2배. 적에게 디바인 1스택 부여.","debuff",""
"card","dainichi_nyorai","2:파쇄륜","[파쇄륜] · 물리 (Tier 3, MP:30) 모든 필드버프를 소모하고 제거한 수 x1.5 만큼 위력 증가 (x2)","파쇄륜 · 물리 · MP 30 · 3티어
위력 2배. 필드 버프를 모두 소모. 소모한 1개당 배율 +1.5.","consume_field_all",""
"card","discipline_captain","0:가드","[가드] · 보조 (Tier 1, MP:10) 대미지 반감","가드 · 보조 · MP 10 · 1티어
자신에게 가드 1턴 부여 (받는 피해 50% 감소).","buff",""
"card","discipline_captain","1:잔소리","[잔소리] · 물리 (Tier 2, MP:20) 물리 2배율, 침묵 부여 (x2)","잔소리 · 물리 · MP 20 · 2티어
위력 2배. 적에게 침묵 부여.","debuff",""
"card","discipline_captain","2:기강확립","[기강확립] · 마법 (Tier 2, MP:20) 마법 2배율, 약화 부여 (x2)","기강확립 · 마법 · MP 20 · 2티어
위력 2배. 적에게 약화 부여.","debuff",""
"card","supernova","0:가드","[가드] · 보조 (Tier 1, MP:10) 대미지 반감","가드 · 보조 · MP 10 · 1티어
자신에게 가드 1턴 부여 (받는 피해 50% 감소).","buff",""
"card","supernova","1:파이널버스트","[파이널버스트] · 물리 (Tier 3, MP:30) 물리 6배율, 사용 후 사망 (x6)","파이널버스트 · 물리 · MP 30 · 3티어
위력 6배. 사용 후 자신이 사망.","suicide",""
"card","supernova","2:코어멜트다운","[코어멜트다운] · 마법 (Tier 3, MP:30) 작열을 전부 소모하고 소모한 스택당 2.0배율 추가 (x2.5)","코어멜트다운 · 마법 · MP 30 · 3티어
위력 2.5배. 적의 작열을 모두 소모. 소모한 1스택당 배율 +2.","consume_debuff_all",""
"card","shooting_star_boy","0:배리어","[배리어] · 보조 (Tier 1, MP:10) 물리공격 무효","배리어 · 보조 · MP 10 · 1티어
자신에게 배리어 1턴 부여 (물리 피해 무효).","buff",""
"card","shooting_star_boy","1:스타폴대쉬","[스타폴대쉬] · 물리 (Tier 2, MP:20) 2배 물리 피해 (자신의 생명력이 100%일시 위력 2배) (x2)","스타폴대쉬 · 물리 · MP 20 · 2티어
위력 2배. 자신의 HP가 100%이면 위력 4배.","dmg_boost:hp_full",""
"card","shooting_star_boy","2:슈팅플레어","[슈팅플레어] · 마법 (Tier 2, MP:20) 마법 1.5배율, 작열 부여 (x1.5)","슈팅플레어 · 마법 · MP 20 · 2티어
위력 1.5배. 적에게 작열 1스택 부여.","debuff",""
"card","victoria","0:디바인아머","[디바인아머] · 보조 (Tier 2, MP:20) 3턴간 받는 대미지 50% 감소","디바인아머 · 보조 · MP 20 · 2티어
자신에게 반감 3턴 부여 (받는 피해 50% 감소).","buff",""
"card","victoria","1:에태르랜스","[에태르랜스] · 마법 (Tier 2, MP:20) 마법 2배율, 부식 부여 (x2)","에태르랜스 · 마법 · MP 20 · 2티어
위력 2배. 적에게 부식 부여.","debuff",""
"card","victoria","2:기적의증명","[기적의증명] · 보조 (Tier 3, MP:30) 3턴 뒤 필드버프 여신강림과 트윙클파티 부여","기적의증명 · 보조 · MP 30 · 3티어
3턴 후 필드에 여신강림·트윙클파티 부여 예약. 발동 전에 시전자가 사망하면 예약 취소.","delayed_field_buffs",""
"card","holy_night","0:회피태세","[회피태세] · 보조 (Tier 1, MP:10) 회피율 50% 증가","회피태세 · 보조 · MP 10 · 1티어
자신에게 회피 1턴 부여 (회피율 +50%p).","buff",""
"card","holy_night","1:샤이닝팝","[샤이닝팝] · 물리 (Tier 2, MP:20) 물리 2배율 (x2)","샤이닝팝 · 물리 · MP 20 · 2티어
위력 2배.","simple_attack",""
"card","holy_night","2:라스트캐럴","[라스트캐럴] · 물리 (Tier 3, MP:30) 디바인을 전부 소모하고 소모한 스택당 2.0배율 추가, 사용 후 사망 (x4)","라스트캐럴 · 물리 · MP 30 · 3티어
위력 4배. 적의 디바인을 모두 소모. 소모한 1스택당 배율 +2. 사용 후 자신이 사망.","consume_debuff_all + suicide",""
"card","paladin","0:디바인아머","[디바인아머] · 보조 (Tier 2, MP:20) 3턴간 받는 대미지 50% 감소","디바인아머 · 보조 · MP 20 · 2티어
자신에게 반감 3턴 부여 (받는 피해 50% 감소).","buff",""
"card","paladin","1:홀리그라운드","[홀리그라운드] · 마법 (Tier 3, MP:30) 마법 1배율, 필드버프 성역 부여 (x1)","홀리그라운드 · 마법 · MP 30 · 3티어
위력 1배. 필드 버프 ‘성역’ 부여.","field_buff",""
"card","paladin","2:듀얼브레이커","[듀얼브레이커] · 마법 (Tier 2, MP:20) 아레나 소모 시 대미지 3배 (x2)","듀얼브레이커 · 마법 · MP 20 · 2티어
위력 2배. 필드 버프 ‘아레나’가 있으면 1개 소모하고 배율 ×3.","consume_field_buff_dmg",""
"card","mad_scientist","0:가드","[가드] · 보조 (Tier 1, MP:10) 대미지 반감","가드 · 보조 · MP 10 · 1티어
자신에게 가드 1턴 부여 (받는 피해 50% 감소).","buff",""
"card","mad_scientist","1:익스페리먼트","[익스페리먼트] · 마법 (Tier 2, MP:20) 침묵 상태의 적에게 대미지 2배 (x2)","익스페리먼트 · 마법 · MP 20 · 2티어
위력 2배. 적이 침묵 상태이면 배율 ×2.","dmg_boost:target_debuff",""
"card","mad_scientist","2:다크인젝션","[다크인젝션] · 물리 (Tier 2, MP:20) 물리 1.5배율, 암흑 부여 (x1.5)","다크인젝션 · 물리 · MP 20 · 2티어
위력 1.5배. 적에게 암흑 부여.","debuff",""
"card","grand_merchant","0:회피태세","[회피태세] · 보조 (Tier 1, MP:10) 회피율 50% 증가","회피태세 · 보조 · MP 10 · 1티어
자신에게 회피 1턴 부여 (회피율 +50%p).","buff",""
"card","grand_merchant","1:마나콜렉트","[마나콜렉트] · 보조 (Tier 1, MP:10) 마나 30 회복","마나콜렉트 · 보조 · MP 10 · 1티어
자신의 MP 30 회복.","mana_restore",""
"card","grand_merchant","2:골드러쉬","[골드러쉬] · 마법 (Tier 3, MP:30) 약화 상태의 적에게 대미지 2.5배 (x2)","골드러쉬 · 마법 · MP 30 · 3티어
위력 2배. 적이 약화 상태이면 배율 ×2.5.","dmg_boost:target_debuff",""
"card","comet_tracker","0:매직가드","[매직가드] · 보조 (Tier 1, MP:10) 마법공격 무효","매직가드 · 보조 · MP 10 · 1티어
자신에게 매직가드 1턴 부여 (마법 피해 무효).","buff",""
"card","comet_tracker","1:코멧트래킹","[코멧트래킹] · 마법 (Tier 3, MP:30) 2턴 뒤 발동하는 마법 4배율 공격 (x4)","코멧트래킹 · 마법 · MP 30 · 3티어
2턴 후 위력 4배로 공격 예약. 발동 전에 시전자가 사망하면 예약 취소.","delayed_attack",""
"card","comet_tracker","2:코멧플레임","[코멧플레임] · 마법 (Tier 3, MP:30) 마법 2.5배율, 작열 부여 (x2.5)","코멧플레임 · 마법 · MP 30 · 3티어
위력 2.5배. 적에게 작열 1스택 부여.","debuff",""
"card","prophet","0:매직가드","[매직가드] · 보조 (Tier 1, MP:10) 마법공격 무효","매직가드 · 보조 · MP 10 · 1티어
자신에게 매직가드 1턴 부여 (마법 피해 무효).","buff",""
"card","prophet","1:샤이닝오라클","[샤이닝오라클] · 보조 (Tier 2, MP:20) 랜덤한 필드버프 생성","샤이닝오라클 · 보조 · MP 20 · 2티어
필드에 ‘태양의축복·달의축복·성역·여신강림·대지의축복·트윙클파티·스타파우더·아레나’ 중 무작위 1종 부여.","random_field_buff",""
"card","prophet","2:슈퍼내추럴","[슈퍼내추럴] · 보조 (Tier 3, MP:30) 데스티니룰렛과 동일한 풀에서 랜덤 스킬 발동","슈퍼내추럴 · 보조 · MP 30 · 3티어
데스티니룰렛의 스킬 풀에서 무작위 스킬 1개 발동 (지연 스킬은 예약).","random_skill_trigger_from_list","Explicit template for hardcoded engine operation"
"card","fireworks_girl","0:회피태세","[회피태세] · 보조 (Tier 1, MP:10) 회피율 50% 증가","회피태세 · 보조 · MP 10 · 1티어
자신에게 회피 1턴 부여 (회피율 +50%p).","buff",""
"card","fireworks_girl","1:페스티벌나이트","[페스티벌나이트] · 물리 (Tier 3, MP:30) 1~3턴 뒤 연속 발동, 작열 상태의 적에게 대미지 2배 (x1.5)","페스티벌나이트 · 물리 · MP 30 · 3티어
사용 후 1·2·3턴에 각각 위력 1.5배로 공격 예약. 적이 작열 상태이면 배율 ×2. 발동 전에 시전자가 사망하면 예약 취소.","multi_delayed_attack + dmg_boost:target_debuff",""
"card","fireworks_girl","2:스파클캐논","[스파클캐논] · 마법 (Tier 2, MP:20) 마법 2배율, 작열 부여 (x2)","스파클캐논 · 마법 · MP 20 · 2티어
위력 2배. 적에게 작열 1스택 부여.","debuff",""
"card","astrologer","0:매직가드","[매직가드] · 보조 (Tier 1, MP:10) 마법공격 무효","매직가드 · 보조 · MP 10 · 1티어
자신에게 매직가드 1턴 부여 (마법 피해 무효).","buff",""
"card","astrologer","1:스텔라리딩","[스텔라리딩] · 보조 (Tier 3, MP:30) 달의축복 부여, 이미 있으면 소모하고 태양의축복 부여","스텔라리딩 · 보조 · MP 30 · 3티어
필드 버프 ‘달의축복’이 있으면 1개 소모하고 ‘태양의축복’ 부여. 없으면 ‘달의축복’ 부여.","moon_to_sun","Explicit template for hardcoded engine operation"
"card","astrologer","2:솔라브레이커","[솔라브레이커] · 마법 (Tier 2, MP:20) 태양의축복 소모 시 대미지 4배 (x2)","솔라브레이커 · 마법 · MP 20 · 2티어
위력 2배. 필드 버프 ‘태양의축복’가 있으면 1개 소모하고 배율 ×4.","consume_field_buff_dmg",""
"card","sun_moon_sword_maiden","0:회피태세","[회피태세] · 보조 (Tier 1, MP:10) 회피율 50% 증가","회피태세 · 보조 · MP 10 · 1티어
자신에게 회피 1턴 부여 (회피율 +50%p).","buff",""
"card","sun_moon_sword_maiden","1:솔라크레센토","[솔라크레센토] · 물리 (Tier 3, MP:30) 태양의축복 상태에서 대미지 2배 (x2.5)","솔라크레센토 · 물리 · MP 30 · 3티어
위력 2.5배. 필드 버프 ‘태양의축복’가 있으면 배율 ×2.","dmg_boost:field_buff",""
"card","sun_moon_sword_maiden","2:루나크레센토","[루나크레센토] · 마법 (Tier 3, MP:30) 달의축복 상태에서 대미지 2배 (x2.5)","루나크레센토 · 마법 · MP 30 · 3티어
위력 2.5배. 필드 버프 ‘달의축복’가 있으면 배율 ×2.","dmg_boost:field_buff",""
"card","succubus","0:매직가드","[매직가드] · 보조 (Tier 1, MP:10) 마법공격 무효","매직가드 · 보조 · MP 10 · 1티어
자신에게 매직가드 1턴 부여 (마법 피해 무효).","buff",""
"card","succubus","1:페이탈핑크","[페이탈핑크] · 마법 (Tier 3, MP:30) 마법 2배율, 유혹 부여 (x2)","페이탈핑크 · 마법 · MP 30 · 3티어
위력 2배. 적에게 유혹 부여.","debuff",""
"card","succubus","2:다크판타지","[다크판타지] · 마법 (Tier 3, MP:30) 암흑 소모 후 약화, 부식, 저주 부여 (x1)","다크판타지 · 마법 · MP 30 · 3티어
위력 1배. 적의 암흑이 1스택 이상이면 1스택 소모. 적에게 약화 부여. 적에게 부식 부여. 적에게 저주 부여.","consume_debuff_fixed + debuff + debuff + debuff",""
"card","trauma","0:회피태세","[회피태세] · 보조 (Tier 1, MP:10) 회피율 50% 증가","회피태세 · 보조 · MP 10 · 1티어
자신에게 회피 1턴 부여 (회피율 +50%p).","buff",""
"card","trauma","1:스티그마","[스티그마] · 마법 (Tier 3, MP:30) 마법 2.5배율, 저주, 침묵, 암흑 부여 (x2.5)","스티그마 · 마법 · MP 30 · 3티어
위력 2.5배. 적에게 저주 부여. 적에게 침묵 부여. 적에게 암흑 부여.","debuff + debuff + debuff",""
"card","trauma","2:마인드브레이커","[마인드브레이커] · 마법 (Tier 3, MP:30) 3턴 뒤 발동하는 마법 7배율 공격 (x7)","마인드브레이커 · 마법 · MP 30 · 3티어
3턴 후 위력 7배로 공격 예약. 발동 전에 시전자가 사망하면 예약 취소.","delayed_attack",""
"card","great_detective","0:회피태세","[회피태세] · 보조 (Tier 1, MP:10) 회피율 50% 증가","회피태세 · 보조 · MP 10 · 1티어
자신에게 회피 1턴 부여 (회피율 +50%p).","buff",""
"card","great_detective","1:루시드플래시","[루시드플래시] · 물리 (Tier 3, MP:30) 물리 2배율, 5의 배수 턴에 침묵, 저주, 디바인 부여 (x2)","루시드플래시 · 물리 · MP 30 · 3티어
위력 2배. 5의 배수 턴이면 적에게 침묵·저주·디바인 부여.","turn_modulo_debuffs",""
"card","great_detective","2:파이널앤서","[파이널앤서] · 마법 (Tier 3, MP:30) 마법 2.5배율, 5의 배수 턴에는 위력 2배 (x2.5)","파이널앤서 · 마법 · MP 30 · 3티어
위력 2.5배. 5의 배수 턴이면 배율 ×2.","turn_modulo_dmg",""
"card","blue_moon_priest","0:매직가드","[매직가드] · 보조 (Tier 1, MP:10) 마법공격 무효","매직가드 · 보조 · MP 10 · 1티어
자신에게 매직가드 1턴 부여 (마법 피해 무효).","buff",""
"card","blue_moon_priest","1:창조의기도","[창조의기도] · 마법 (Tier 3, MP:30) 3턴 뒤 발동, 성역 전개 및 디바인 1스택 부여 (x2)","창조의기도 · 마법 · MP 30 · 3티어
3턴 후 위력 2배로 공격 예약. 예약 공격 발동 시 필드 버프 ‘성역’ 부여. 적에게 디바인 1스택 부여. 발동 전에 시전자가 사망하면 예약 취소.","delayed_attack_field + debuff",""
"card","blue_moon_priest","2:파괴의기도","[파괴의기도] · 마법 (Tier 3, MP:30) 사신강림 소모 시 위력 4배 (x2.5)","파괴의기도 · 마법 · MP 30 · 3티어
위력 2.5배. 필드 버프 ‘사신강림’가 있으면 1개 소모하고 배율 ×4.","consume_field_buff_dmg",""
"card","brulee_witch","0:버닝시럽","[버닝시럽] · 물리 (Tier 3, MP:30) 물리 2배율, 작열 1스택 소모 시 적에게 [저주, 암흑, 침묵, 약화, 부식] 중 무작위 2종 부여 (x2)","버닝시럽 · 물리 · MP 30 · 3티어
위력 2배. 적의 작열이 1스택 이상이면 1스택 소모하고 적에게 ‘저주·암흑·침묵·약화·부식’ 중 무작위 2종 부여.","consume_debuff_then_random_debuff",""
"card","brulee_witch","1:홀리글레이즈","[홀리글레이즈] · 마법 (Tier 3, MP:30) 마법 2배율, 디바인 1스택 소모 시 적에게 [저주, 암흑, 침묵, 약화, 부식] 중 무작위 2종 부여 (x2)","홀리글레이즈 · 마법 · MP 30 · 3티어
위력 2배. 적의 디바인이 1스택 이상이면 1스택 소모하고 적에게 ‘저주·암흑·침묵·약화·부식’ 중 무작위 2종 부여.","consume_debuff_then_random_debuff",""
"card","brulee_witch","2:매직가드","[매직가드] · 보조 (Tier 1, MP:10) 마법공격 무효","매직가드 · 보조 · MP 10 · 1티어
자신에게 매직가드 1턴 부여 (마법 피해 무효).","buff",""
"card","miracle_larva","0:가드","[가드] · 보조 (Tier 1, MP:10) 대미지 반감","가드 · 보조 · MP 10 · 1티어
자신에게 가드 1턴 부여 (받는 피해 50% 감소).","buff",""
"card","miracle_larva","1:변태","[변태] · 보조 (Tier 1, MP:10) 미러코쿤으로 변신","변태 · 보조 · MP 10 · 1티어
미러코쿤으로 변신.","transform",""
"card","miracle_larva","2:실크바인드","[실크바인드] · 마법 (Tier 1, MP:10) 적에게 약화 부여 (x1)","실크바인드 · 마법 · MP 10 · 1티어
위력 1배. 적에게 약화 부여.","debuff",""
"card","toffee_apple","0:가드","[가드] · 보조 (Tier 1, MP:10) 대미지 반감","가드 · 보조 · MP 10 · 1티어
자신에게 가드 1턴 부여 (받는 피해 50% 감소).","buff",""
"card","toffee_apple","1:애프터테이스트","[애프터테이스트] · 마법 (Tier 3, MP:30) 사용 후 2턴 뒤 공격하고 적에게 암흑·저주 부여 (x3)","애프터테이스트 · 마법 · MP 30 · 3티어
2턴 후 위력 3배로 공격 예약. 적에게 암흑 부여. 적에게 저주 부여. 발동 전에 시전자가 사망하면 예약 취소.","delayed_attack + debuff + debuff",""
"card","toffee_apple","2:슈거노이즈","[슈거노이즈] · 마법 (Tier 2, MP:20) 적에게 약화, 자신에게 침묵 부여 (x2)","슈거노이즈 · 마법 · MP 20 · 2티어
위력 2배. 적에게 약화 부여. 자신에게 침묵 부여.","debuff + self_debuff",""
"card","luna_valentine","0:회피태세","[회피태세] · 보조 (Tier 1, MP:10) 회피율 50% 증가","회피태세 · 보조 · MP 10 · 1티어
자신에게 회피 1턴 부여 (회피율 +50%p).","buff",""
"card","luna_valentine","1:이클립스","[이클립스] · 물리 (Tier 3, MP:30) 암흑 상태의 적에게 대미지 2배 (x2.5)","이클립스 · 물리 · MP 30 · 3티어
위력 2.5배. 적이 암흑 상태이면 배율 ×2.","dmg_boost:target_debuff",""
"card","luna_valentine","2:스위트커스","[스위트커스] · 마법 (Tier 3, MP:30) 유혹 부여 (x3)","스위트커스 · 마법 · MP 30 · 3티어
위력 3배. 적에게 유혹 부여.","debuff",""
"card","jasmine_valentine","0:배리어","[배리어] · 보조 (Tier 1, MP:10) 물리공격 무효","배리어 · 보조 · MP 10 · 1티어
자신에게 배리어 1턴 부여 (물리 피해 무효).","buff",""
"card","jasmine_valentine","1:벨벳인챈트","[벨벳인챈트] · 마법 (Tier 2, MP:20) 마법 2배율, 필드버프 발렌타인 발동 (x2)","벨벳인챈트 · 마법 · MP 20 · 2티어
위력 2배. 필드 버프 ‘발렌타인’ 부여.","field_buff",""
"card","jasmine_valentine","2:여신강림","[여신강림] · 보조 (Tier 3, MP:30) 필드버프 여신강림 발동","여신강림 · 보조 · MP 30 · 3티어
필드 버프 ‘여신강림’ 부여.","field_buff",""
"card","rumi_valentine","0:초콜릿샤워","[초콜릿샤워] · 마법 (Tier 3, MP:30) 마법 3배율, 유혹과 침묵 부여 (x3)","초콜릿샤워 · 마법 · MP 30 · 3티어
위력 3배. 적에게 유혹 부여. 적에게 침묵 부여.","debuff + debuff",""
"card","rumi_valentine","1:하트오버드라이브","[하트오버드라이브] · 보조 (Tier 2, MP:20) 필드버프 발렌타인 발동","하트오버드라이브 · 보조 · MP 20 · 2티어
필드 버프 ‘발렌타인’ 부여.","field_buff",""
"card","rumi_valentine","2:매직가드","[매직가드] · 보조 (Tier 1, MP:10) 마법공격 무효","매직가드 · 보조 · MP 10 · 1티어
자신에게 매직가드 1턴 부여 (마법 피해 무효).","buff",""
"card","luna_swimsuit","0:회피태세","[회피태세] · 보조 (Tier 1, MP:10) 회피율 50% 증가","회피태세 · 보조 · MP 10 · 1티어
자신에게 회피 1턴 부여 (회피율 +50%p).","buff",""
"card","luna_swimsuit","1:루나틱스플래시","[루나틱스플래시] · 마법 (Tier 3, MP:30) 다음 턴 휴식 (암흑 상태의 적에게 위력 2배) (x4)","루나틱스플래시 · 마법 · MP 30 · 3티어
위력 4배. 자신에게 기절 부여 (다음 턴 행동 불가). 적이 암흑 상태이면 배율 ×2.","self_debuff + dmg_boost:target_debuff",""
"card","luna_swimsuit","2:나이트메어비치","[나이트메어비치] · 물리 (Tier 3, MP:30) 사용 후 3턴 뒤에 공격 (x5)","나이트메어비치 · 물리 · MP 30 · 3티어
3턴 후 위력 5배로 공격 예약. 발동 전에 시전자가 사망하면 예약 취소.","delayed_attack",""
"card","jasmine_swimsuit","0:배리어","[배리어] · 보조 (Tier 1, MP:10) 물리공격 무효","배리어 · 보조 · MP 10 · 1티어
자신에게 배리어 1턴 부여 (물리 피해 무효).","buff",""
"card","jasmine_swimsuit","1:스플래시미라지","[스플래시미라지] · 마법 (Tier 3, MP:30) 마법 2.5배율, 태양의축복 상태에서 대미지 2배 (x2.5)","스플래시미라지 · 마법 · MP 30 · 3티어
위력 2.5배. 필드 버프 ‘태양의축복’가 있으면 배율 ×2.","dmg_boost:field_buff",""
"card","jasmine_swimsuit","2:코랄블룸","[코랄블룸] · 보조 (Tier 3, MP:30) 랜덤한 필드버프를 부여","코랄블룸 · 보조 · MP 30 · 3티어
필드에 ‘태양의축복·달의축복·성역·여신강림·대지의축복·트윙클파티·스타파우더·아레나’ 중 무작위 1종 부여.","random_field_buff",""
"card","rumi_swimsuit","0:소다블래스트","[소다블래스트] · 마법 (Tier 3, MP:30) 마법 3배율, 물속성 적에게 대미지 2배 (x3)","소다블래스트 · 마법 · MP 30 · 3티어
위력 3배. 적이 물 속성이면 배율 ×2.","dmg_boost:target_element",""
"card","rumi_swimsuit","1:미드나잇판타지","[미드나잇판타지] · 보조 (Tier 3, MP:30) 필드버프 태양의축복 발동","미드나잇판타지 · 보조 · MP 30 · 3티어
필드 버프 ‘태양의축복’ 부여.","field_buff",""
"card","rumi_swimsuit","2:매직가드","[매직가드] · 보조 (Tier 1, MP:10) 마법공격 무효","매직가드 · 보조 · MP 10 · 1티어
자신에게 매직가드 1턴 부여 (마법 피해 무효).","buff",""
"card","zeke_swimsuit","0:가드","[가드] · 보조 (Tier 1, MP:10) 대미지 반감","가드 · 보조 · MP 10 · 1티어
자신에게 가드 1턴 부여 (받는 피해 50% 감소).","buff",""
"card","zeke_swimsuit","1:워터멜론크래시","[워터멜론크래시] · 물리 (Tier 2, MP:20) 물리 2배율, 자신의 생명력이 100%일 때 대미지 2배 (x2)","워터멜론크래시 · 물리 · MP 20 · 2티어
위력 2배. 자신의 HP가 100%이면 위력 4배.","dmg_boost:hp_full",""
"card","zeke_swimsuit","2:코코넛드롭","[코코넛드롭] · 물리 (Tier 3, MP:30) 물리 2.5배율, 적 생명력이 50% 이하일 때 대미지 2배 (x2.5)","코코넛드롭 · 물리 · MP 30 · 3티어
위력 2.5배. 적의 HP가 50% 이하이면 배율 ×2.","dmg_boost:target_hp_below",""
"card","luna_halloween","0:회피태세","[회피태세] · 보조 (Tier 1, MP:10) 회피율 50% 증가","회피태세 · 보조 · MP 10 · 1티어
자신에게 회피 1턴 부여 (회피율 +50%p).","buff",""
"card","luna_halloween","1:펌킨크래시","[펌킨크래시] · 물리 (Tier 3, MP:30) 암흑 1스택 소모, 암흑 상태의 적에게 대미지 3배 (x2.5)","펌킨크래시 · 물리 · MP 30 · 3티어
위력 2.5배. 적의 암흑이 1스택 이상이면 1스택 소모하고 배율 ×3.","consume_debuff_fixed",""
"card","luna_halloween","2:러브포션","[러브포션] · 마법 (Tier 3, MP:30) 마법 3배율, 유혹 부여 (x3)","러브포션 · 마법 · MP 30 · 3티어
위력 3배. 적에게 유혹 부여.","debuff",""
"card","zeke_halloween","0:가드","[가드] · 보조 (Tier 1, MP:10) 대미지 반감","가드 · 보조 · MP 10 · 1티어
자신에게 가드 1턴 부여 (받는 피해 50% 감소).","buff",""
"card","zeke_halloween","1:에인션트버닝","[에인션트버닝] · 마법 (Tier 3, MP:30) 작열을 전부 소모하고, 소모한 작열 1스택당 배율 2.0 증가 (x2.5)","에인션트버닝 · 마법 · MP 30 · 3티어
위력 2.5배. 적의 작열을 모두 소모. 소모한 1스택당 배율 +2.","consume_debuff_all",""
"card","zeke_halloween","2:본디지허그","[본디지허그] · 물리 (Tier 3, MP:30) 물리 2.5배율, 침묵과 저주 부여 (x2.5)","본디지허그 · 물리 · MP 30 · 3티어
위력 2.5배. 적에게 침묵 부여. 적에게 저주 부여.","debuff + debuff",""
"card","rumi_halloween","0:호핑스매시","[호핑스매시] · 물리 (Tier 3, MP:30) 물리 2.5배율, 암흑 부여 (x2.5)","호핑스매시 · 물리 · MP 30 · 3티어
위력 2.5배. 적에게 암흑 부여.","debuff",""
"card","rumi_halloween","1:탈리스만씰","[탈리스만씰] · 마법 (Tier 3, MP:30) 마법 3배율, 침묵 부여 (x3)","탈리스만씰 · 마법 · MP 30 · 3티어
위력 3배. 적에게 침묵 부여.","debuff",""
"card","rumi_halloween","2:매직가드","[매직가드] · 보조 (Tier 1, MP:10) 마법공격 무효","매직가드 · 보조 · MP 10 · 1티어
자신에게 매직가드 1턴 부여 (마법 피해 무효).","buff",""
"card","luna_christmas","0:회피태세","[회피태세] · 보조 (Tier 1, MP:10) 회피율 50% 증가","회피태세 · 보조 · MP 10 · 1티어
자신에게 회피 1턴 부여 (회피율 +50%p).","buff",""
"card","luna_christmas","1:홀리메테오","[홀리메테오] · 마법 (Tier 3, MP:30) 디바인 1스택 소모하여 대미지 2배 (x2.5)","홀리메테오 · 마법 · MP 30 · 3티어
위력 2.5배. 적의 디바인이 1스택 이상이면 1스택 소모하고 배율 ×2.","consume_debuff_fixed",""
"card","luna_christmas","2:캔디크러쉬","[캔디크러쉬] · 물리 (Tier 3, MP:30) 다음 턴 행동 불가 (x5)","캔디크러쉬 · 물리 · MP 30 · 3티어
위력 5배. 자신에게 기절 부여 (다음 턴 행동 불가).","self_debuff",""
"card","jasmine_christmas","0:매직가드","[매직가드] · 보조 (Tier 1, MP:10) 마법공격 무효","매직가드 · 보조 · MP 10 · 1티어
자신에게 매직가드 1턴 부여 (마법 피해 무효).","buff",""
"card","jasmine_christmas","1:얼티밋기프트","[얼티밋기프트] · 보조 (Tier 3, MP:30) 5턴 뒤 랜덤한 필드버프 3종 부여","얼티밋기프트 · 보조 · MP 30 · 3티어
5턴 후 현재 없는 필드 버프를 ‘태양의축복·달의축복·성역·여신강림·대지의축복·트윙클파티·스타파우더·아레나’ 중 무작위 3종 부여 예약 (후보가 부족하면 가능한 수만 부여). 발동 전에 시전자가 사망하면 예약 취소.","delayed_random_unique_field_buffs",""
"card","jasmine_christmas","2:미라클페스티벌","[미라클페스티벌] · 마법 (Tier 3, MP:30) 마법 2.5배율, 적에게 디바인 부여 (x2.5)","미라클페스티벌 · 마법 · MP 30 · 3티어
위력 2.5배. 적에게 디바인 1스택 부여.","debuff",""
"card","rumi_christmas","0:매직가드","[매직가드] · 보조 (Tier 1, MP:10) 마법공격 무효","매직가드 · 보조 · MP 10 · 1티어
자신에게 매직가드 1턴 부여 (마법 피해 무효).","buff",""
"card","rumi_christmas","1:스타라이트캐롤","[스타라이트캐롤] · 마법 (Tier 3, MP:30) 마법 2.5배율, 필드버프 스타파우더 부여 (x2.5)","스타라이트캐롤 · 마법 · MP 30 · 3티어
위력 2.5배. 필드 버프 ‘스타파우더’ 부여.","field_buff",""
"card","rumi_christmas","2:오로라이그니션","[오로라이그니션] · 마법 (Tier 3, MP:30) 작열과 디바인을 전부 소모하고 소모한 스택당 1.5배율 추가 (x2.5)","오로라이그니션 · 마법 · MP 30 · 3티어
위력 2.5배. 적의 작열을 모두 소모. 소모한 1스택당 배율 +1.5. 적의 디바인을 모두 소모. 소모한 1스택당 배율 +1.5.","consume_debuff_all + consume_debuff_all",""
"card","snow_rabbit_valentine","0:배리어","[배리어] · 보조 (Tier 1, MP:10) 물리공격 무효","배리어 · 보조 · MP 10 · 1티어
자신에게 배리어 1턴 부여 (물리 피해 무효).","buff",""
"card","snow_rabbit_valentine","1:소다키스","[소다키스] · 마법 (Tier 3, MP:30) 마법 2.5배율 (x2.5)","소다키스 · 마법 · MP 30 · 3티어
위력 2.5배.","simple_attack",""
"card","snow_rabbit_valentine","2:실버스톰","[실버스톰] · 마법 (Tier 2, MP:20) 특성 발동 중 대미지 2배 (x2)","실버스톰 · 마법 · MP 20 · 2티어
위력 2배. 자신의 특성이 발동 중이면 배율 ×2.","dmg_boost:source_trait_active",""
"card","night_rabbit_valentine","0:배리어","[배리어] · 보조 (Tier 1, MP:10) 물리공격 무효","배리어 · 보조 · MP 10 · 1티어
자신에게 배리어 1턴 부여 (물리 피해 무효).","buff",""
"card","night_rabbit_valentine","1:딥키스","[딥키스] · 마법 (Tier 3, MP:30) 마법 2.5배율 (x2.5)","딥키스 · 마법 · MP 30 · 3티어
위력 2.5배.","simple_attack",""
"card","night_rabbit_valentine","2:문라이트","[문라이트] · 마법 (Tier 2, MP:20) 달의축복 상태에서 대미지 2.5배 (x1.5)","문라이트 · 마법 · MP 20 · 2티어
위력 1.5배. 필드 버프 ‘달의축복’가 있으면 배율 ×2.5.","dmg_boost:field_buff",""
"card","silver_rabbit_valentine","0:배리어","[배리어] · 보조 (Tier 1, MP:10) 물리공격 무효","배리어 · 보조 · MP 10 · 1티어
자신에게 배리어 1턴 부여 (물리 피해 무효).","buff",""
"card","silver_rabbit_valentine","1:화이트키스","[화이트키스] · 마법 (Tier 3, MP:30) 마법 2.5배율 (x2.5)","화이트키스 · 마법 · MP 30 · 3티어
위력 2.5배.","simple_attack",""
"card","silver_rabbit_valentine","2:헤븐리루어","[헤븐리루어] · 마법 (Tier 2, MP:20) 특성 발동 중 대미지 2배 (x2)","헤븐리루어 · 마법 · MP 20 · 2티어
위력 2배. 자신의 특성이 발동 중이면 배율 ×2.","dmg_boost:source_trait_active",""
"card","snow_rabbit_halloween","0:배리어","[배리어] · 보조 (Tier 1, MP:10) 물리공격 무효","배리어 · 보조 · MP 10 · 1티어
자신에게 배리어 1턴 부여 (물리 피해 무효).","buff",""
"card","snow_rabbit_halloween","1:스노우샷","[스노우샷] · 마법 (Tier 2, MP:20) 부식 부여 (x1.5)","스노우샷 · 마법 · MP 20 · 2티어
위력 1.5배. 적에게 부식 부여.","debuff",""
"card","snow_rabbit_halloween","2:실버스톰","[실버스톰] · 마법 (Tier 2, MP:20) 특성 발동 중 대미지 2배 (x2)","실버스톰 · 마법 · MP 20 · 2티어
위력 2배. 자신의 특성이 발동 중이면 배율 ×2.","dmg_boost:source_trait_active",""
"card","night_rabbit_halloween","0:배리어","[배리어] · 보조 (Tier 1, MP:10) 물리공격 무효","배리어 · 보조 · MP 10 · 1티어
자신에게 배리어 1턴 부여 (물리 피해 무효).","buff",""
"card","night_rabbit_halloween","1:깡총깡총","[깡총깡총] · 물리 (Tier 2, MP:20) 어둠 상태시 대미지 2배 (x2)","깡총깡총 · 물리 · MP 20 · 2티어
위력 2배. 적이 암흑 상태이면 배율 ×2.","dmg_boost:target_debuff",""
"card","night_rabbit_halloween","2:문라이트","[문라이트] · 마법 (Tier 2, MP:20) 달의축복 상태에서 대미지 2.5배 (x1.5)","문라이트 · 마법 · MP 20 · 2티어
위력 1.5배. 필드 버프 ‘달의축복’가 있으면 배율 ×2.5.","dmg_boost:field_buff",""
"card","silver_rabbit_halloween","0:헤븐리루어","[헤븐리루어] · 마법 (Tier 2, MP:20) 특성 발동 중 대미지 2배 (x2)","헤븐리루어 · 마법 · MP 20 · 2티어
위력 2배. 자신의 특성이 발동 중이면 배율 ×2.","dmg_boost:source_trait_active",""
"card","silver_rabbit_halloween","1:깡총깡총","[깡총깡총] · 물리 (Tier 2, MP:20) 어둠 상태시 대미지 2배 (x2)","깡총깡총 · 물리 · MP 20 · 2티어
위력 2배. 적이 암흑 상태이면 배율 ×2.","dmg_boost:target_debuff",""
"card","silver_rabbit_halloween","2:배리어","[배리어] · 보조 (Tier 1, MP:10) 물리공격 무효","배리어 · 보조 · MP 10 · 1티어
자신에게 배리어 1턴 부여 (물리 피해 무효).","buff",""
"card","snow_rabbit_swimsuit","0:배리어","[배리어] · 보조 (Tier 1, MP:10) 물리공격 무효","배리어 · 보조 · MP 10 · 1티어
자신에게 배리어 1턴 부여 (물리 피해 무효).","buff",""
"card","snow_rabbit_swimsuit","1:콜드스플래시","[콜드스플래시] · 마법 (Tier 3, MP:30) 마법 2.5배율, 부식 부여 (x2.5)","콜드스플래시 · 마법 · MP 30 · 3티어
위력 2.5배. 적에게 부식 부여.","debuff",""
"card","snow_rabbit_swimsuit","2:서머판타지","[서머판타지] · 마법 (Tier 3, MP:30) 마법 2.5배율, 유혹 부여 (x2.5)","서머판타지 · 마법 · MP 30 · 3티어
위력 2.5배. 적에게 유혹 부여.","debuff",""
"card","night_rabbit_swimsuit","0:배리어","[배리어] · 보조 (Tier 1, MP:10) 물리공격 무효","배리어 · 보조 · MP 10 · 1티어
자신에게 배리어 1턴 부여 (물리 피해 무효).","buff",""
"card","night_rabbit_swimsuit","1:미드나잇다이빙","[미드나잇다이빙] · 물리 (Tier 3, MP:30) 물리 2.5배율, 암흑 부여 (x2.5)","미드나잇다이빙 · 물리 · MP 30 · 3티어
위력 2.5배. 적에게 암흑 부여.","debuff",""
"card","night_rabbit_swimsuit","2:루나세레나데","[루나세레나데] · 마법 (Tier 3, MP:30) 마법 2.5배율, 유혹 부여 (x2.5)","루나세레나데 · 마법 · MP 30 · 3티어
위력 2.5배. 적에게 유혹 부여.","debuff",""
"card","silver_rabbit_swimsuit","0:배리어","[배리어] · 보조 (Tier 1, MP:10) 물리공격 무효","배리어 · 보조 · MP 10 · 1티어
자신에게 배리어 1턴 부여 (물리 피해 무효).","buff",""
"card","silver_rabbit_swimsuit","1:실버서핑","[실버서핑] · 물리 (Tier 3, MP:30) 물리 2.5배율, 침묵 부여 (x2.5)","실버서핑 · 물리 · MP 30 · 3티어
위력 2.5배. 적에게 침묵 부여.","debuff",""
"card","silver_rabbit_swimsuit","2:선샤인로맨스","[선샤인로맨스] · 마법 (Tier 3, MP:30) 마법 2.5배율, 유혹 부여 (x2.5)","선샤인로맨스 · 마법 · MP 30 · 3티어
위력 2.5배. 적에게 유혹 부여.","debuff",""
"card","snow_rabbit_christmas","0:배리어","[배리어] · 보조 (Tier 1, MP:10) 물리공격 무효","배리어 · 보조 · MP 10 · 1티어
자신에게 배리어 1턴 부여 (물리 피해 무효).","buff",""
"card","snow_rabbit_christmas","1:울트라판타지","[울트라판타지] · 마법 (Tier 3, MP:30) 마법 2.5배율, 특성 발동시 대미지 2배 (x2.5)","울트라판타지 · 마법 · MP 30 · 3티어
위력 2.5배. 자신의 특성이 발동 중이면 배율 ×2.","dmg_boost:source_trait_active",""
"card","snow_rabbit_christmas","2:실버스톰","[실버스톰] · 마법 (Tier 2, MP:20) 특성 발동 중 대미지 2배 (x2)","실버스톰 · 마법 · MP 20 · 2티어
위력 2배. 자신의 특성이 발동 중이면 배율 ×2.","dmg_boost:source_trait_active",""
"card","night_rabbit_christmas","0:배리어","[배리어] · 보조 (Tier 1, MP:10) 물리공격 무효","배리어 · 보조 · MP 10 · 1티어
자신에게 배리어 1턴 부여 (물리 피해 무효).","buff",""
"card","night_rabbit_christmas","1:울트라바이올렛","[울트라바이올렛] · 마법 (Tier 3, MP:30) 마법 2.5배율, 특성 발동시 약화·침묵·저주 부여 (x2.5)","울트라바이올렛 · 마법 · MP 30 · 3티어
위력 2.5배. 자신의 특성이 발동 중이면 적에게 약화·침묵·저주 부여.","conditional_debuff_on_synergy:source_trait_active",""
"card","night_rabbit_christmas","2:문라이트","[문라이트] · 마법 (Tier 2, MP:20) 달의축복 상태에서 대미지 2.5배 (x1.5)","문라이트 · 마법 · MP 20 · 2티어
위력 1.5배. 필드 버프 ‘달의축복’가 있으면 배율 ×2.5.","dmg_boost:field_buff",""
"card","silver_rabbit_christmas","0:배리어","[배리어] · 보조 (Tier 1, MP:10) 물리공격 무효","배리어 · 보조 · MP 10 · 1티어
자신에게 배리어 1턴 부여 (물리 피해 무효).","buff",""
"card","silver_rabbit_christmas","1:울트라기프트","[울트라기프트] · 마법 (Tier 3, MP:30) 마법 2.5배율, 필드버프 스타파우더 부여 (x2.5)","울트라기프트 · 마법 · MP 30 · 3티어
위력 2.5배. 필드 버프 ‘스타파우더’ 부여.","field_buff",""
"card","silver_rabbit_christmas","2:헤븐리루어","[헤븐리루어] · 마법 (Tier 2, MP:20) 특성 발동 중 대미지 2배 (x2)","헤븐리루어 · 마법 · MP 20 · 2티어
위력 2배. 자신의 특성이 발동 중이면 배율 ×2.","dmg_boost:source_trait_active",""
"card","trans_executor","0:매직가드","[매직가드] · 보조 (Tier 1, MP:10) 마법공격 무효","매직가드 · 보조 · MP 10 · 1티어
자신에게 매직가드 1턴 부여 (마법 피해 무효).","buff",""
"card","trans_executor","1:이터널리와인드","[이터널리와인드] · 보조 (Tier 3, MP:30) 적에게 저주, 침묵, 암흑, 스턴 부여","이터널리와인드 · 보조 · MP 30 · 3티어
적에게 저주 부여. 적에게 침묵 부여. 적에게 암흑 부여. 적에게 기절 부여.","debuff + debuff + debuff + debuff",""
"card","trans_executor","2:인과역전","[인과역전] · 마법 (Tier 3, MP:30) 사용 후 3턴 뒤에 공격 (발동시점 턴 수 x0.5 배율 추가 대미지) (x3)","인과역전 · 마법 · MP 30 · 3티어
3턴 후 위력 3배로 공격 예약. 예약 공격 발동 시 턴 번호 ×0.5만큼 배율 가산. 발동 전에 시전자가 사망하면 예약 취소.","delayed_turn_scale_attack",""
"card","trans_yeon_rabbit","0:배리어","[배리어] · 보조 (Tier 1, MP:10) 물리공격 무효","배리어 · 보조 · MP 10 · 1티어
자신에게 배리어 1턴 부여 (물리 피해 무효).","buff",""
"card","trans_yeon_rabbit","1:홍련각","[홍련각] · 마법 (Tier 3, MP:30) 작열 1스택 소모하여 대미지 2배 (x2.5)","홍련각 · 마법 · MP 30 · 3티어
위력 2.5배. 적의 작열이 1스택 이상이면 1스택 소모하고 배율 ×2.","consume_debuff_fixed",""
"card","trans_yeon_rabbit","2:천화낙영","[천화낙영] · 물리 (Tier 3, MP:30) 적 디버프 1개당 배율 1.5 증가, 사용 후 적 디버프 해제 (x2.5)","천화낙영 · 물리 · MP 30 · 3티어
위력 2.5배. 공격 전 적의 디버프 1종당 배율 +1.5. 공격 후 적의 모든 디버프 해제.","dmg_boost:target_debuff_count_scale + clear_target_debuffs",""
"card","trans_luna_jasmine","0:회피태세","[회피태세] · 보조 (Tier 1, MP:10) 회피율 50% 증가","회피태세 · 보조 · MP 10 · 1티어
자신에게 회피 1턴 부여 (회피율 +50%p).","buff",""
"card","trans_luna_jasmine","1:여신강림","[여신강림] · 보조 (Tier 3, MP:30) 필드버프 여신강림 발동","여신강림 · 보조 · MP 30 · 3티어
필드 버프 ‘여신강림’ 부여.","field_buff",""
"card","trans_luna_jasmine","2:루나블레이드","[루나블레이드] · 마법 (Tier 3, MP:30) 암흑 상태의 적에게 대미지 2배 (x2.5)","루나블레이드 · 마법 · MP 30 · 3티어
위력 2.5배. 적이 암흑 상태이면 배율 ×2.","dmg_boost:target_debuff",""
"card","trans_cinderella","0:배리어","[배리어] · 보조 (Tier 1, MP:10) 물리공격 무효","배리어 · 보조 · MP 10 · 1티어
자신에게 배리어 1턴 부여 (물리 피해 무효).","buff",""
"card","trans_cinderella","1:샤터링비트","[샤터링비트] · 물리 (Tier 2, MP:20) 작열, 약화, 부식 부여 (x2)","샤터링비트 · 물리 · MP 20 · 2티어
위력 2배. 적에게 작열 1스택 부여. 적에게 약화 부여. 적에게 부식 부여.","debuff + debuff + debuff",""
"card","trans_cinderella","2:미라클스펠","[미라클스펠] · 마법 (Tier 3, MP:30) 디바인, 침묵, 저주 부여 (x2.5)","미라클스펠 · 마법 · MP 30 · 3티어
위력 2.5배. 적에게 디바인 1스택 부여. 적에게 침묵 부여. 적에게 저주 부여.","debuff + debuff + debuff",""
"card","trans_chaos_lord","0:가드","[가드] · 보조 (Tier 1, MP:10) 대미지 반감","가드 · 보조 · MP 10 · 1티어
자신에게 가드 1턴 부여 (받는 피해 50% 감소).","buff",""
"card","trans_chaos_lord","1:프리즘브레이커","[프리즘브레이커] · 마법 (Tier 3, MP:30) 덱에 포함된 속성 수 만큼 추가배율 (조커는 5속성 취급) (x2)","프리즘브레이커 · 마법 · MP 30 · 3티어
위력 2배. 덱에 포함된 속성 1종당 배율 +1 (조커는 5속성으로 취급).","count_deck_attr_dmg",""
"card","trans_chaos_lord","2:데스티니룰렛","[데스티니룰렛] · 보조 (Tier 1, MP:10) 랜덤 스킬 발동","데스티니룰렛 · 보조 · MP 10 · 1티어
데스티니룰렛의 스킬 풀에서 무작위 스킬 1개 발동 (지연 스킬은 예약).","random_skill_trigger_from_list","Explicit template for hardcoded engine operation"
"card","trans_behemoth","0:가드","[가드] · 보조 (Tier 1, MP:10) 대미지 반감","가드 · 보조 · MP 10 · 1티어
자신에게 가드 1턴 부여 (받는 피해 50% 감소).","buff",""
"card","trans_behemoth","1:월드브레이커","[월드브레이커] · 물리 (Tier 3, MP:30) 다음 턴 휴식 (대지의축복 시 위력 2배) (x4)","월드브레이커 · 물리 · MP 30 · 3티어
위력 4배. 자신에게 기절 부여 (다음 턴 행동 불가). 필드 버프 ‘대지의축복’가 있으면 배율 ×2.","self_debuff + dmg_boost:field_buff",""
"card","trans_behemoth","2:제로그라비티","[제로그라비티] · 마법 (Tier 3, MP:30) 다음 턴에 공격 (적에게 걸린 디버프 1종당 0.5배율 추가) (x3)","제로그라비티 · 마법 · MP 30 · 3티어
1턴 후 위력 3배로 공격 예약. 예약 공격 발동 시 적의 디버프 1종당 배율 +0.5. 발동 전에 시전자가 사망하면 예약 취소.","delayed_attack_debuff_scale",""
"card","trans_lumi","0:매직가드","[매직가드] · 보조 (Tier 1, MP:10) 마법공격 무효","매직가드 · 보조 · MP 10 · 1티어
자신에게 매직가드 1턴 부여 (마법 피해 무효).","buff",""
"card","trans_lumi","1:코스믹하모니","[코스믹하모니] · 마법 (Tier 3, MP:30) 랜덤 필드버프 생성 (태양/달/스타파우더) (x3)","코스믹하모니 · 마법 · MP 30 · 3티어
위력 3배. 필드에 ‘태양의축복·달의축복·스타파우더’ 중 무작위 1종 부여.","random_field_buff_lumi",""
"card","trans_lumi","2:꿈의형태","[꿈의형태] · 마법 (Tier 3, MP:30) 모든 버프를 제거하고 꿈의마법발동. (x2)","꿈의형태 · 마법 · MP 30 · 3티어
위력 2배. 필드 버프별 효과를 합산한 뒤 모든 필드 버프 소모. 태양의축복이 있으면 배율 +2 및 확정 치명타. 달의축복이 있으면 배율 +1 및 적의 기본 마법 방어력 30% 관통. 스타파우더가 있으면 배율 +1 및 자신의 MP 30 회복. 대지의축복이 있으면 배율 +2 및 자신의 HP 완전 회복. 성역이 있으면 배율 +2 및 자신의 MP 20 회복. 여신강림이 있으면 배율 +4 및 적에게 기절 부여. 발렌타인이 있으면 배율 +5. 운명의서약이 있으면 배율 +10. 아레나가 있으면 배율 +4. 사신강림이 있으면 배율 +1 및 적의 기본 마법 방어력 50% 관통. 트윙클파티 또는 질풍이 있으면 각각 배율 +3.","dream_form_execute","Explicit template for hardcoded engine operation"
"card","trans_gray","0:회피태세","[회피태세] · 보조 (Tier 1, MP:10) 회피율 50% 증가","회피태세 · 보조 · MP 10 · 1티어
자신에게 회피 1턴 부여 (회피율 +50%p).","buff",""
"card","trans_gray","1:보이드이터","[보이드이터] · 마법 (Tier 3, MP:30) 2~4배율 랜덤 (달의축복 시 2~12배율) (x2)","보이드이터 · 마법 · MP 30 · 3티어
위력 2~4배. 필드 버프 ‘달의축복’가 있으면 위력 2~12배.","random_mult_moon_boost",""
"card","trans_gray","2:디멘션제로","[디멘션제로] · 물리 (Tier 3, MP:30) 치명타율 +40%p (4의 배수 턴에 대미지 2배) (x3)","디멘션제로 · 물리 · MP 30 · 3티어
위력 3배. 4의 배수 턴이면 배율 ×2. 이 공격의 치명타율 +40%p.","turn_modulo_dmg + force_crit_chance",""
"card","trans_thor","0:매직가드","[매직가드] · 보조 (Tier 1, MP:10) 마법공격 무효","매직가드 · 보조 · MP 10 · 1티어
자신에게 매직가드 1턴 부여 (마법 피해 무효).","buff",""
"card","trans_thor","1:묠니르","[묠니르] · 물리 (Tier 3, MP:30) 디바인 1스택 소모하여 대미지 2배 (x2.5)","묠니르 · 물리 · MP 30 · 3티어
위력 2.5배. 적의 디바인이 1스택 이상이면 1스택 소모하고 배율 ×2.","consume_debuff_fixed",""
"card","trans_thor","2:썬더러쉬","[썬더러쉬] · 마법 (Tier 3, MP:30) 사용 후 3턴 뒤에 4~8배율 마법공격, 적에게 디바인 1스택 부여 (x4)","썬더러쉬 · 마법 · MP 30 · 3티어
3턴 후 위력 4~8배로 공격 예약. 적에게 디바인 1스택 부여. 발동 전에 시전자가 사망하면 예약 취소.","delayed_random_attack + debuff",""
"card","trans_ares","0:앱솔루트아머","[앱솔루트아머] · 보조 (Tier 3, MP:30) 필드버프 트윙클파티 부여, 3턴간 받는 대미지 50% 감소","앱솔루트아머 · 보조 · MP 30 · 3티어
필드 버프 ‘트윙클파티’ 부여. 자신에게 반감 3턴 부여 (받는 피해 50% 감소).","field_buff + buff",""
"card","trans_ares","1:테라소드","[테라소드] · 물리 (Tier 2, MP:30) 필드버프 아레나 발동 (x2)","테라소드 · 물리 · MP 30 · 2티어
위력 2배. 필드 버프 ‘아레나’ 부여.","field_buff",""
"card","trans_ares","2:마그마이럽션","[마그마이럽션] · 마법 (Tier 3, MP:30) 작열을 전부 소모하고, 소모한 작열 1스택당 배율 2.5 증가 (x2.5)","마그마이럽션 · 마법 · MP 30 · 3티어
위력 2.5배. 적의 작열을 모두 소모. 소모한 1스택당 배율 +2.5.","consume_debuff_all",""
"card","trans_poseidon","0:가드","[가드] · 보조 (Tier 1, MP:10) 대미지 반감","가드 · 보조 · MP 10 · 1티어
자신에게 가드 1턴 부여 (받는 피해 50% 감소).","buff",""
"card","trans_poseidon","1:트라이던트","[트라이던트] · 물리 (Tier 3, MP:30) 전투 시작 후 5턴 이내일 때 대미지 2배 (x2)","트라이던트 · 물리 · MP 30 · 3티어
위력 2배. 5턴째까지 배율 ×2.","dmg_boost_turn_limit",""
"card","trans_poseidon","2:어비스프레셔","[어비스프레셔] · 마법 (Tier 3, MP:30) 필드버프 1개를 제거하고 대미지 2배 (x2.5)","어비스프레셔 · 마법 · MP 30 · 3티어
위력 2.5배. 필드 버프가 있으면 먼저 부여된 1개 해제하고 배율 ×2.","remove_field_buff_dmg",""
"card","trans_flora","0:가드","[가드] · 보조 (Tier 1, MP:10) 대미지 반감","가드 · 보조 · MP 10 · 1티어
자신에게 가드 1턴 부여 (받는 피해 50% 감소).","buff",""
"card","trans_flora","1:제네시스블룸","[제네시스블룸] · 보조 (Tier 3, MP:30) 필드버프 태양의축복, 대지의축복 발동","제네시스블룸 · 보조 · MP 30 · 3티어
필드 버프 ‘태양의축복’ 부여. 필드 버프 ‘대지의축복’ 부여.","field_buff + field_buff",""
"card","trans_flora","2:블러썸템페스트","[블러썸템페스트] · 마법 (Tier 3, MP:30) 반드시 치명타로 적중 (x2.5)","블러썸템페스트 · 마법 · MP 30 · 3티어
위력 2.5배. 반드시 치명타로 적중.","force_crit",""
"form","mirror_cocoon","0:리버설","[리버설] · 보조 (Tier 2, MP:20) 저주 부여 및 마법공격 무효","리버설 · 보조 · MP 20 · 2티어
적에게 저주 부여. 자신에게 매직가드 1턴 부여 (마법 피해 무효).","debuff + buff",""
"form","mirror_cocoon","1:변태","[변태] · 보조 (Tier 2, MP:20) 오로라윙 또는 어비스윙으로 우화","변태 · 보조 · MP 20 · 2티어
오로라윙 또는 어비스윙으로 변신.","transform_choice",""
"form","mirror_cocoon","2:리플렉션","[리플렉션] · 보조 (Tier 2, MP:20) 침묵 부여 및 물리공격 무효","리플렉션 · 보조 · MP 20 · 2티어
적에게 침묵 부여. 자신에게 배리어 1턴 부여 (물리 피해 무효).","debuff + buff",""
"form","aurora_wing","0:가드","[가드] · 보조 (Tier 1, MP:10) 대미지 반감","가드 · 보조 · MP 10 · 1티어
자신에게 가드 1턴 부여 (받는 피해 50% 감소).","buff",""
"form","aurora_wing","1:미라클파우더","[미라클파우더] · 마법 (Tier 2, MP:20) 스타파우더·트윙클파티 부여 (x2)","미라클파우더 · 마법 · MP 20 · 2티어
위력 2배. 필드 버프 ‘스타파우더’ 부여. 필드 버프 ‘트윙클파티’ 부여.","field_buff + field_buff",""
"form","aurora_wing","2:뷰티토네이도","[뷰티토네이도] · 물리 (Tier 3, MP:30) 현재 필드버프 1종당 배율 +2.0 (x2)","뷰티토네이도 · 물리 · MP 30 · 3티어
위력 2배. 현재 필드 버프 1종당 배율 +2.","dmg_boost:field_buff_kind_count",""
"form","abyss_wing","0:가드","[가드] · 보조 (Tier 1, MP:10) 대미지 반감","가드 · 보조 · MP 10 · 1티어
자신에게 가드 1턴 부여 (받는 피해 50% 감소).","buff",""
"form","abyss_wing","1:카오스파우더","[카오스파우더] · 마법 (Tier 2, MP:20) 적에게 작열 1스택·디바인 1스택·부식 부여 (x2)","카오스파우더 · 마법 · MP 20 · 2티어
위력 2배. 적에게 작열 1스택 부여. 적에게 디바인 1스택 부여. 적에게 부식 부여.","debuff + debuff + debuff",""
"form","abyss_wing","2:베놈더스트","[베놈더스트] · 마법 (Tier 3, MP:30) 적에게 침묵·약화·저주·암흑 부여 (x3)","베놈더스트 · 마법 · MP 30 · 3티어
위력 3배. 적에게 침묵 부여. 적에게 약화 부여. 적에게 저주 부여. 적에게 암흑 부여.","debuff + debuff + debuff + debuff",""
"enemy","artificial_demon_god","0:아이스빔","- 아이스빔 · 마법 · MP undefined: 1.5배 마법 피해 (x1.5)","아이스빔 · 마법
위력 1.5배.","simple_attack",""
"enemy","artificial_demon_god","1:파괴의형태","- 파괴의형태 · 마법 · MP undefined: 10턴째 4배 마법 (x4)","파괴의형태 · 마법
위력 4배. 10턴째 발동.","simple_attack","Dedicated enemy AI scheduling / runtime multiplier"
"enemy","iris_love","0:홀리레이","- 홀리레이 · 마법 · MP undefined: 2배 마법 피해 (x2)","홀리레이 · 마법
위력 2배.","simple_attack",""
"enemy","iris_love","1:더홀리","- 더홀리 · 마법 · MP undefined: 3.5배 마법 피해 (x3.5)","더홀리 · 마법
위력 3.5배.","simple_attack",""
"enemy","iris_love","2:소울드레인","- 소울드레인 · 마법 · MP undefined: 7턴째 마나 제거","소울드레인 · 마법
적의 MP 100 제거. 7턴째 발동.","mana_burn","Dedicated enemy AI scheduling / runtime multiplier"
"enemy","iris_curse","0:프레임샷","- 프레임샷 · 마법 · MP undefined: 2배 마법 피해 (x2)","프레임샷 · 마법
위력 2배.","simple_attack",""
"enemy","iris_curse","1:아포칼립스","- 아포칼립스 · 물리 · MP undefined: 10턴째 5배 물리 (x5)","아포칼립스 · 물리
위력 5배. 10턴째 발동.","simple_attack","Dedicated enemy AI scheduling / runtime multiplier"
"enemy","pharaoh","0:고대의힘","- 고대의힘 · 마법 · MP undefined: 2배 마법 피해 (x2)","고대의힘 · 마법
위력 2배.","simple_attack",""
"enemy","pharaoh","1:고대의저주","- 고대의저주 · 마법 · MP undefined: 5턴 주기 공격 (x1)","고대의저주 · 마법
위력 1배. 5턴마다 발동. 해당 턴에 자신이 피해를 받았으면 위력 3배.","simple_attack","Dedicated enemy AI scheduling / runtime multiplier"
"enemy","demon_god","0:다크니스","- 다크니스 · 마법 · MP undefined: 2배 마법 피해 (x2)","다크니스 · 마법
위력 2배.","simple_attack",""
"enemy","demon_god","1:제노사이드","- 제노사이드 · 물리 · MP undefined: 7/14턴 3.5배 물리 (x3.5)","제노사이드 · 물리
위력 3.5배. 7턴째·14턴째 발동.","simple_attack","Dedicated enemy AI scheduling / runtime multiplier"
"enemy","creator_god","0:저지먼트","- 저지먼트 · 마법 · MP undefined: 강력한 마법 (x3.5)","저지먼트 · 마법
위력 3.5배. 2턴째 발동. 16턴째부터는 행동 선택에 따라 추가 발동.","simple_attack","Dedicated enemy AI scheduling / runtime multiplier"
"enemy","creator_god","1:디바인블레이드","- 디바인블레이드 · 물리 · MP undefined: 1턴 차지 후 4배 물리 (x4)","디바인블레이드 · 물리
위력 4배. 차지한 다음 행동에서 발동.","simple_attack","Dedicated enemy AI scheduling / runtime multiplier"
"enemy","creator_god","2:홀리레이","- 홀리레이 · 마법 · MP undefined: 2배 마법 (x2)","홀리레이 · 마법
위력 2배.","simple_attack",""
"enemy","flora","0:제네시스블룸","- 제네시스블룸 · 보조 · MP undefined: 대미지 반감, 자신에게 걸린 모든 디버프를 해제","제네시스블룸 · 보조
자신에게 반감 1턴 부여 (받는 피해 50% 감소). 자신의 모든 디버프 해제. 5턴째·10턴째 발동.","buff + clear_self_debuffs","Dedicated enemy AI scheduling / runtime multiplier"
"enemy","flora","1:블러썸템페스트","- 블러썸템페스트 · 마법 · MP undefined: 마법공격 2배율 (x2)","블러썸템페스트 · 마법
위력 2배.","simple_attack",""
"enemy","gray","0:영혼절단","- 영혼절단 · 마법 · MP undefined: 2~4배율 랜덤 마법공격 (x2)","영혼절단 · 마법
위력 2~4배. 4의 배수 턴에 차원절단과 무작위 선택 (14턴째 제외).","random_mult","Dedicated enemy AI scheduling / runtime multiplier"
"enemy","gray","1:차원절단","- 차원절단 · 물리 · MP undefined: 2~4배율 랜덤 물리공격 (x2)","차원절단 · 물리
위력 2~4배. 4의 배수 턴에 영혼절단과 무작위 선택 (14턴째 제외).","random_mult","Dedicated enemy AI scheduling / runtime multiplier"
"enemy","gray","2:디멘션제로","- 디멘션제로 · 물리 · MP undefined: 물리공격 4배율 (x4)","디멘션제로 · 물리
위력 4배. 14턴째 발동.","simple_attack","Dedicated enemy AI scheduling / runtime multiplier"
"enemy","thor","0:묠니르","- 묠니르 · 마법 · MP undefined: 마법공격 2배율 (x2)","묠니르 · 마법
위력 2배.","simple_attack",""
"enemy","thor","1:썬더러쉬","- 썬더러쉬 · 마법 · MP undefined: 마법공격 3배율, 사용 후 전투 성향 변화 (x3)","썬더러쉬 · 마법
위력 3배. 사용 후 자신의 물리 공격력과 마법 공격력 교환. 물리 방어력과 마법 방어력도 교환. 10턴째 발동.","swap_self_stats","Dedicated enemy AI scheduling / runtime multiplier"
"enemy","poseidon","0:트라이던트","- 트라이던트 · 물리 · MP undefined: 물리공격 2배율 (x2)","트라이던트 · 물리
위력 2배.","simple_attack",""
"enemy","poseidon","1:어비스프레셔","- 어비스프레셔 · 마법 · MP undefined: 마법공격 3배율 (x3)","어비스프레셔 · 마법
위력 3배. 10턴째 발동.","simple_attack","Dedicated enemy AI scheduling / runtime multiplier"
"enemy","poseidon","2:어비스블레싱","- 어비스블레싱 · 보조 · MP undefined: 자신에게 걸린 모든 디버프를 해제","어비스블레싱 · 보조
자신의 모든 디버프 해제. 5턴째 발동.","clear_self_debuffs","Dedicated enemy AI scheduling / runtime multiplier"
"enemy","poseidon","3:디바우러","- 디바우러 · 마법 · MP undefined: 마법공격 2배율, 유저의 필드버프를 랜덤으로 하나 삭제 (x2)","디바우러 · 마법
위력 2배. 필드 버프 무작위 1개 해제. 15턴째 발동.","remove_random_field_buff","Dedicated enemy AI scheduling / runtime multiplier"
"enemy","ares","0:스피어레인","- 스피어레인 · 마법 · MP undefined: 마법공격 2배율 (x2)","스피어레인 · 마법
위력 2배.","simple_attack",""
"enemy","ares","1:테라소드","- 테라소드 · 물리 · MP undefined: 차징 후 발동하는 물리공격 4배율 (x4)","테라소드 · 물리
위력 4배. 3턴째·8턴째에 마그마이럽션과 무작위 선택하여 차지. 다음 행동에서 발동.","simple_attack","Dedicated enemy AI scheduling / runtime multiplier"
"enemy","ares","2:마그마이럽션","- 마그마이럽션 · 마법 · MP undefined: 차징 후 발동하는 마법공격 4배율 (x4)","마그마이럽션 · 마법
위력 4배. 3턴째·8턴째에 테라소드와 무작위 선택하여 차지. 다음 행동에서 발동.","simple_attack","Dedicated enemy AI scheduling / runtime multiplier"
"enemy","flora_valentine","0:제네시스블룸","- 제네시스블룸 · 보조 · MP undefined: 대미지 반감, 자신에게 걸린 모든 디버프를 해제","제네시스블룸 · 보조
자신에게 반감 1턴 부여 (받는 피해 50% 감소). 자신의 모든 디버프 해제. 5턴째·10턴째 발동.","buff + clear_self_debuffs","Dedicated enemy AI scheduling / runtime multiplier"
"enemy","flora_valentine","1:블러썸템페스트","- 블러썸템페스트 · 마법 · MP undefined: 마법공격 2배율 (x2)","블러썸템페스트 · 마법
위력 2배.","simple_attack",""
"enemy","thor_swimsuit","0:묠니르","- 묠니르 · 마법 · MP undefined: 마법공격 2배율 (x2)","묠니르 · 마법
위력 2배.","simple_attack",""
"enemy","thor_swimsuit","1:썬더러쉬","- 썬더러쉬 · 마법 · MP undefined: 마법공격 3배율, 사용 후 전투 성향 변화 (x3)","썬더러쉬 · 마법
위력 3배. 사용 후 자신의 물리 공격력과 마법 공격력 교환. 물리 방어력과 마법 방어력도 교환. 10턴째 발동.","swap_self_stats","Dedicated enemy AI scheduling / runtime multiplier"
"enemy","ares_halloween","0:스피어레인","- 스피어레인 · 마법 · MP undefined: 마법공격 2배율 (x2)","스피어레인 · 마법
위력 2배.","simple_attack",""
"enemy","ares_halloween","1:테라소드","- 테라소드 · 물리 · MP undefined: 차징 후 발동하는 물리공격 4배율 (x4)","테라소드 · 물리
위력 4배. 3턴째·8턴째에 마그마이럽션과 무작위 선택하여 차지. 다음 행동에서 발동.","simple_attack","Dedicated enemy AI scheduling / runtime multiplier"
"enemy","ares_halloween","2:마그마이럽션","- 마그마이럽션 · 마법 · MP undefined: 차징 후 발동하는 마법공격 4배율 (x4)","마그마이럽션 · 마법
위력 4배. 3턴째·8턴째에 테라소드와 무작위 선택하여 차지. 다음 행동에서 발동.","simple_attack","Dedicated enemy AI scheduling / runtime multiplier"
"enemy","astea_christmas","0:저지먼트","- 저지먼트 · 마법 · MP undefined: 강력한 마법 (x3.5)","저지먼트 · 마법
위력 3.5배. 2턴째 발동. 16턴째부터는 행동 선택에 따라 추가 발동.","simple_attack","Dedicated enemy AI scheduling / runtime multiplier"
"enemy","astea_christmas","1:디바인블레이드","- 디바인블레이드 · 물리 · MP undefined: 1턴 차지 후 4배 물리 (x4)","디바인블레이드 · 물리
위력 4배. 차지한 다음 행동에서 발동.","simple_attack","Dedicated enemy AI scheduling / runtime multiplier"
"enemy","astea_christmas","2:홀리레이","- 홀리레이 · 마법 · MP undefined: 2배 마법 (x2)","홀리레이 · 마법
위력 2배.","simple_attack",""
"normal","NORMAL_ATTACK","normal:일반 공격","[일반 공격] (Tier 1) 기본 물리 공격","일반 공격 · 물리 · MP 0 · 1티어
위력 1배.","simple_attack",""
